ticker,date,open,high,low,close,adj_close,volume,avg_sentiment,next_close,target,daily_return,ma_5,ma_10
AAPL,2023-01-17,132.70195234994011,135.12311725700644,132.01300359662682,133.79443359375,133.79443359375,63646600,0.342334,133.07598876953125,0,0.008756315978389884,131.55634155273438,128.39602432250976
AAPL,2023-01-18,134.6605787592018,136.42232060237055,132.8988218980733,133.07598876953125,133.07598876953125,69672800,-0.010855333333333337,133.13502502441406,1,-0.005369766177270252,132.43820495605468,129.3940216064453
AAPL,2023-01-19,131.96380450388668,134.09955338686564,131.65869966602656,133.13502502441406,133.13502502441406,58280400,-0.038846666666666675,135.69398498535156,1,0.00044362815131937516,132.78858032226563,130.27095794677734
AAPL,2023-01-20,133.14486670992753,135.84162653742413,132.1015991542997,135.69398498535156,135.69398498535156,80223600,0.0,138.88287353515625,1,0.01922078702030694,133.66649780273437,131.53567504882812
AAPL,2023-01-23,135.94005904305521,141.0579999020067,135.72353008280908,138.88287353515625,138.88287353515625,81760300,0.297545,140.2804412841797,1,0.023500588844442394,134.9164611816406,132.66654357910156
AAPL,2023-01-24,138.0954784443646,140.90050277108796,138.08564168128757,140.2804412841797,140.2804412841797,66435100,0.3122875,139.62103271484375,0,0.010062923623693987,136.21366271972656,133.88500213623047
AAPL,2023-01-25,138.6663409653264,140.18202862963406,136.61916767862735,139.62103271484375,139.62103271484375,65799300,-0.05176633333333334,141.6879119873047,1,-0.004700645102763135,137.52267150878907,134.98043823242188
AAPL,2023-01-26,140.91037200424128,141.97332836189656,139.6604119793185,141.6879119873047,141.6879119873047,54105100,-0.051092,143.6267547607422,1,0.014803495091475494,139.23324890136718,136.01091461181642
AAPL,2023-01-27,140.90048495518886,144.90623964304373,140.82174580665185,143.6267547607422,143.6267547607422,70555800,0.007024,140.74302673339844,0,0.01368389685643212,140.8198028564453,137.24315032958984
AAPL,2023-01-30,142.67209860282117,143.2527830109075,140.59540019505755,140.74302673339844,140.74302673339844,64015300,0.12033433333333332,142.01266479492188,1,-0.02007793069019459,141.19183349609375,138.05414733886718
AAPL,2023-01-31,140.4477633640219,142.06187864867766,140.03439402480078,142.01266479492188,142.01266479492188,65874500,0.15714625,143.1346893310547,1,0.009020966018646437,141.53827819824218,138.87597045898437
AAPL,2023-02-01,141.69774073810188,144.29607334830789,139.08957136310852,143.1346893310547,143.1346893310547,77663600,0.082691,148.4396209716797,1,0.007900876571488302,142.2410095214844,139.88184051513673
AAPL,2023-02-02,146.54991104174482,148.79392468833726,145.83143680858885,148.4396209716797,148.4396209716797,118339000,0.0493205,152.0615234375,1,0.037062515490953185,143.5913513183594,141.41230010986328
AAPL,2023-02-03,145.69363837431163,154.8960731461596,145.4967979818679,152.0615234375,152.0615234375,154357300,0.07158166666666667,149.3352508544922,0,0.024399836392140273,145.27830505371094,143.04905395507814
AAPL,2023-02-06,150.1620046015634,150.6836384438328,148.40024764766747,149.3352508544922,149.3352508544922,69858300,0.0675756,152.20916748046875,1,-0.01792874700567071,146.9967498779297,144.09429168701172
AAPL,2023-02-07,148.26246234257331,152.7800151967711,148.26246234257331,152.20916748046875,152.20916748046875,83322600,0.1631665,149.5222625732422,0,0.019244730293296985,149.03605041503906,145.28716430664062
AAPL,2023-02-08,151.45133472995892,152.14028370808583,148.7840997356859,149.5222625732422,149.5222625732422,64120100,0.295369,148.48883056640625,0,-0.017652714036237915,150.31356506347657,146.27728729248048
AAPL,2023-02-09,151.3529059605557,151.89422837459855,148.0459358705389,148.48883056640625,148.48883056640625,56007100,0.042431,148.85353088378906,1,-0.006911559449748972,150.3234069824219,146.95737915039064
AAPL,2023-02-10,147.32567733632254,149.17882019931434,147.08909918660703,148.85353088378906,148.85353088378906,57450700,0.17141699999999999,151.6529998779297,1,0.0024560791272425497,149.6818084716797,147.4800567626953
AAPL,2023-02-13,148.79440338379132,152.05713357186568,148.76483299254943,151.6529998779297,151.6529998779297,62199000,0.101085,151.0122528076172,0,0.018806869931262682,150.14535827636718,148.57105407714843
AAPL,2023-02-14,149.94767374239032,151.57412024796835,148.70567235340334,151.0122528076172,151.0122528076172,61707600,-0.081493,153.11187744140625,1,-0.004225086683601775,149.90597534179688,149.47101287841798
AAPL,2023-02-15,150.92357800911904,153.2794480234058,150.69686663828347,153.11187744140625,153.11187744140625,65573800,0.507645,151.51499938964844,0,0.013903670693952819,150.6238983154297,150.46873168945314
AAPL,2023-02-16,151.31784339392544,154.09758049199988,151.16013965459408,151.51499938964844,151.51499938964844,68167900,0.0031289999999999977,150.37155151367188,0,-0.010429485148001794,151.22913208007813,150.77626953125
AAPL,2023-02-17,150.17441057100683,150.81512239489066,148.69583093968438,150.37155151367188,150.37155151367188,59144100,0.0892205,146.3596649169922,0,-0.007546763558609615,151.5327362060547,150.60727233886718
AAPL,2023-02-21,148.05510409777494,149.1394018439348,146.29067235544917,146.3596649169922,146.3596649169922,58867200,0.3220866666666667,146.78353881835938,1,-0.02667982445013828,150.47406921386718,150.3097137451172
AAPL,2023-02-22,146.74410160351695,147.8086807909047,145.0585291708209,146.78353881835938,146.78353881835938,51011300,0.269528,147.26654052734375,1,0.002896111449883332,149.62832641601562,149.76715087890625
AAPL,2023-02-23,147.946689634791,148.19311959888688,145.13739706863274,147.26654052734375,147.26654052734375,48394200,0.13459716666666668,144.6149444580078,0,0.003290571360199168,148.45925903320312,149.5415786743164
AAPL,2023-02-24,145.0092263234326,145.0880857046954,143.6390765358812,144.6149444580078,144.6149444580078,55469600,0.181619,145.80767822265625,1,-0.018005421053831294,147.079248046875,149.15419006347656
AAPL,2023-02-27,145.6006854773172,147.03982803359767,145.344388690471,145.80767822265625,145.80767822265625,44998500,-0.009674500000000003,145.304931640625,0,0.008247652198869249,146.16647338867188,148.84960479736327
AAPL,2023-02-28,144.95007197860627,146.9510815880518,144.7332124606566,145.304931640625,145.304931640625,50547000,0.16707366666666668,143.2349395751953,0,-0.003448011710765475,145.95552673339844,148.2147979736328
AAPL,2023-03-01,144.73323786008925,145.1275197577975,142.93922063146897,143.2349395751953,143.2349395751953,55479000,0.1682355,143.826416015625,1,-0.014245848658112181,145.2458068847656,147.43706665039062
AAPL,2023-03-02,142.31826554333702,144.6149950633121,141.84510909018817,143.826416015625,143.826416015625,52238100,0.169548,148.87326049804688,1,0.004129414528214248,144.5577819824219,146.5085205078125
AAPL,2023-03-03,145.9259528752422,148.9521198871165,145.22610023869615,148.87326049804688,148.87326049804688,70732300,0.07969760000000001,151.6332550048828,1,0.03508982996470955,145.4094451904297,146.24434661865234
AAPL,2023-03-06,151.59381779613093,154.06798373466975,151.26854354881283,151.6332550048828,151.6332550048828,87558000,0.0,149.4351348876953,0,0.018539222541392064,146.574560546875,146.37051696777343
AAPL,2023-03-07,151.50513754277677,151.83042689733767,148.97184535612897,149.4351348876953,149.4351348876953,56182000,0.040730666666666665,150.68698120117188,1,-0.014496293158890006,147.40060119628907,146.67806396484374
AAPL,2023-03-08,150.62784041964048,151.278419098267,149.66183922588297,150.68698120117188,150.68698120117188,47204800,0.0,148.4395294189453,0,0.008377188633833299,148.89100952148436,147.068408203125
AAPL,2023-03-09,151.36711819838627,152.33311931510104,148.08466971716794,148.4395294189453,148.4395294189453,53833600,0.330943,146.37937927246094,0,-0.014914704404530799,149.81363220214843,147.18570709228516
AAPL,2023-03-10,148.06496662146847,148.78453780981002,145.5020893181875,146.37937927246094,146.37937927246094,68572400,-0.076871,148.32127380371094,1,-0.01387871650192285,149.31485595703126,147.36215057373047
AAPL,2023-03-13,145.69925527320058,150.95314411845015,145.59082548311505,148.32127380371094,148.32127380371094,84457100,0.0,150.41098022460938,1,0.013266175474316633,148.65245971679687,147.61351013183594
AAPL,2023-03-14,149.11968969699433,151.209410853691,147.95654755608294,150.41098022460938,150.41098022460938,73695900,0.4643955,150.80523681640625,1,0.014089053898390658,148.84762878417968,148.12411499023438
AAPL,2023-03-15,149.03093864826403,151.06151848034872,147.7790706295072,150.80523681640625,150.80523681640625,77167900,0.0,153.6244354248047,1,0.002621195548411004,148.87127990722655,148.88114471435546
AAPL,2023-03-16,149.98712698991974,154.22572509887632,149.47454848721353,153.6244354248047,153.6244354248047,76161100,0.269879,152.7865753173828,0,0.018694301788939827,149.90826110839845,149.86094665527344
AAPL,2023-03-17,153.85115455030763,154.50173325502132,152.07685582876627,152.7865753173828,152.7865753173828,98944600,0.230316,155.1522979736328,1,-0.005453950767044358,151.1897003173828,150.25227813720704
AAPL,2023-03-20,152.85558396503848,155.56631354554972,151.94870846939224,155.1522979736328,155.1522979736328,73641400,0.0,157.00546264648438,1,0.015483838493897117,152.5559051513672,150.60418243408202
AAPL,2023-03-21,155.0734600878072,157.1237442200261,154.3045847371103,157.00546264648438,157.00546264648438,73938300,0.23093533333333335,155.5761260986328,0,0.011944165165806986,153.8748016357422,151.36121520996093
AAPL,2023-03-22,157.02513511228065,159.8245751633318,155.5564074952064,155.5761260986328,155.5761260986328,75701800,0.135867,156.66046142578125,1,-0.009103737690132951,154.8289794921875,151.85012969970703
AAPL,2023-03-23,156.56189845720945,159.24305787299903,155.42831151194017,156.66046142578125,156.66046142578125,67622100,0.0,157.96157836914062,1,0.006969805421565667,155.43618469238282,152.67222290039064
AAPL,2023-03-24,156.59142861861952,158.0502895303303,155.59585715875076,157.96157836914062,157.96157836914062,59196500,0.18150149999999998,156.0197296142578,0,0.00830533072300299,156.47118530273437,153.8304428100586
AAPL,2023-03-27,157.6560281012329,158.47417734472043,155.61558088418133,156.0197296142578,156.0197296142578,52390300,-0.109169,155.39869689941406,0,-0.012293171383391144,156.64467163085936,154.60028839111328
AAPL,2023-03-28,155.71413440722972,156.22671283698608,153.75254688783264,155.39869689941406,155.39869689941406,45992200,0.239216,158.4741668701172,1,-0.003980475523058469,156.3233184814453,155.09906005859375
AAPL,2023-03-29,157.09415020907082,158.75016719414856,157.074446643704,158.4741668701172,158.4741668701172,51305700,0.10486466666666668,160.04144287109375,1,0.019790835007411856,156.90292663574218,155.86595306396484
AAPL,2023-03-30,159.2232937572216,160.14987263415844,158.96701206310877,160.04144287109375,160.04144287109375,49501700,0.0,162.5452117919922,1,0.009889788549960254,157.5791229248047,156.50765380859374
AAPL,2023-03-31,160.12034916693244,162.64378980216873,159.59791880296052,162.5452117919922,162.5452117919922,68749800,0.10348220000000001,163.7970428466797,1,0.015644503548466027,158.495849609375,157.4835174560547
AAPL,2023-04-03,161.92418140899423,163.91532439911353,161.87489241518372,163.7970428466797,163.7970428466797,56976200,0.19651659999999999,163.26480102539062,0,0.007701432979086764,160.0513122558594,158.34799194335938
AAPL,2023-04-04,164.22095058539657,164.45751374852026,162.7522224371345,163.26480102539062,163.26480102539062,46278300,0.198495,161.42144775390625,0,-0.003249398231122247,161.6245330810547,158.97392578125
AAPL,2023-04-05,162.38746386000238,162.69303455117807,159.489445623491,161.42144775390625,161.42144775390625,51511700,0.1722018333333333,162.30862426757812,1,-0.011290573717709695,162.2139892578125,159.55845794677734
AAPL,2023-04-06,160.1104583059446,162.60434321282244,159.686606015777,162.30862426757812,162.30862426757812,45390100,-0.0007126666666666762,159.71617126464844,0,0.005496026246923691,162.66742553710938,160.12327423095704
AAPL,2023-04-10,159.11488161033475,159.71617126464844,157.7940207437735,159.71617126464844,159.71617126464844,47716900,0.153938,158.50375366210938,0,-0.01597236754749287,162.10161743164062,160.29873352050782
AAPL,2023-04-11,160.03162242596915,160.0414742096721,158.21788648492154,158.50375366210938,158.50375366210938,47644200,0.0,157.81375122070312,0,-0.007591076050339929,161.04295959472657,160.54713592529296
AAPL,2023-04-12,158.9177526201656,159.74575366976245,157.49831365463328,157.81375122070312,157.81375122070312,50133100,0.0328485,163.19578552246094,1,-0.004353224611179596,159.95274963378907,160.78864135742188
AAPL,2023-04-13,159.32191350458623,163.4323637150449,159.11490570596376,163.19578552246094,163.19578552246094,68445600,0.34565075,162.85079956054688,0,0.03410370934172291,160.3076171875,161.26080322265625
AAPL,2023-04-14,162.23964296372833,163.9449493067031,161.4806494316569,162.85079956054688,162.85079956054688,49386500,0.0,162.87045288085938,1,-0.0021139391609262814,160.41605224609376,161.54173889160157
AAPL,2023-04-17,162.73245273206868,163.02817163401676,161.68759231395518,162.87045288085938,162.87045288085938,41516200,0.12611366666666668,164.09280395507812,1,0.0001206829832309797,161.04690856933593,161.5742630004883
AAPL,2023-04-18,163.7280923807177,165.01938312972754,163.2845063632714,164.09280395507812,164.09280395507812,49923000,0.211666,165.23622131347656,1,0.0075050511163796685,162.1647186279297,161.6038391113281
AAPL,2023-04-19,163.43235220441335,165.75865162452376,163.1760554202755,165.23622131347656,165.23622131347656,47720200,0.0,164.2701873779297,0,0.006968113962581013,163.6492126464844,161.8009811401367
AAPL,2023-04-20,163.71818673436218,165.47276665465435,163.1957564794937,164.2701873779297,164.2701873779297,52456400,-0.19601366666666667,162.6634979248047,0,-0.005846381186084937,163.8640930175781,162.08585510253906
AAPL,2023-04-21,162.6930683177726,164.07307012591417,162.141067594516,162.6634979248047,162.6634979248047,58337300,0.377177,162.96905517578125,1,-0.009780773241760299,163.82663269042968,162.12134246826173
AAPL,2023-04-24,162.643765839196,163.23520373133107,161.54961626736943,162.96905517578125,162.96905517578125,41949600,0.318313,161.4313507080078,0,0.0018784623156069546,163.84635314941406,162.446630859375
AAPL,2023-04-25,162.8310711478655,163.93507261234095,161.3919134894812,161.4313507080078,161.4313507080078,48714100,0.328565,161.42144775390625,0,-0.009435561040191609,163.3140625,162.73939056396483
AAPL,2023-04-26,160.73144699304368,162.91974586384254,160.47516529354857,161.42144775390625,161.42144775390625,45498800,0.0,166.00506591796875,1,-6.13446772149695e-05,162.55110778808594,163.10016021728515
AAPL,2023-04-27,162.83104713478986,166.1529178634098,162.83104713478986,166.00506591796875,166.00506591796875,64902300,0.16067,167.2569122314453,1,0.02839534787874287,162.89808349609376,163.38108825683594
AAPL,2023-04-28,166.08391841749662,167.42449781718415,165.48262879614657,167.2569122314453,167.2569122314453,55275900,0.0,167.168212890625,0,0.00754101271882357,163.81676635742187,163.8216995239258
AAPL,2023-05-01,166.86264216717663,168.01593249804148,166.2317821133474,167.168212890625,167.168212890625,52472900,0.212702,166.1332244873047,0,-0.0005303179380566903,164.65659790039064,164.25147552490233
AAPL,2023-05-02,167.66109333275145,167.91739013162538,165.14750459229282,166.1332244873047,166.1332244873047,48425700,-0.062081,165.0587615966797,0,-0.006191299083860402,165.59697265625,164.455517578125
AAPL,2023-05-03,167.07949000013943,168.47921017635485,164.77290950021637,165.0587615966797,165.0587615966797,65136000,-0.336121,163.42245483398438,0,-0.006467477495491036,166.32443542480468,164.43777160644532
AAPL,2023-05-04,162.53531316165655,164.65460440159984,161.96359395737636,163.42245483398438,163.42245483398438,81235400,0.12683266666666668,171.0913848876953,1,-0.009913480186490298,165.80791320800782,164.35299835205078
AAPL,2023-05-05,168.5383592942621,171.8109560965244,168.32149974515366,171.0913848876953,171.0913848876953,113453200,0.32425899999999996,171.02236938476562,0,0.04692702763216694,166.5748077392578,165.19578704833984
AAPL,2023-05-08,170.01693107088172,171.3673772990156,169.65221959190652,171.02236938476562,171.02236938476562,55962800,0.0870225,169.3170928955078,0,-0.00040338385813520894,167.34563903808595,166.0011184692383
AAPL,2023-05-09,170.57881302608763,171.06180609803263,169.14952233576255,169.3170928955078,169.3170928955078,45326900,0.085117,171.08152770996094,1,-0.009971072763126587,167.98241271972657,166.7896926879883
AAPL,2023-05-10,170.54924563088602,171.54481722364216,169.4452292165715,171.08152770996094,171.08152770996094,53724500,0.37731,171.26878356933594,1,0.01042089008427527,169.1869659423828,167.75570068359374
AAPL,2023-05-11,171.36736154745756,172.0967844383617,169.71134476851833,171.26878356933594,171.26878356933594,49514700,0.3765,170.34095764160156,0,0.0010945416602339275,170.75623168945313,168.28207244873047
AAPL,2023-05-12,171.3773829679925,171.8117019924622,168.79122976444327,170.34095764160156,170.34095764160156,45533100,0.201913,169.847412109375,0,-0.005417367417447472,170.60614624023438,168.5904769897461
AAPL,2023-05-15,170.92332917405315,170.97268634600138,169.2551561693846,169.847412109375,169.847412109375,37266700,-0.135539,169.847412109375,0,-0.0028973978957250734,170.37115478515625,168.8583969116211
AAPL,2023-05-16,169.76844364659667,170.903583292935,169.58089543020992,169.847412109375,169.847412109375,42110300,0.4514725,170.45941162109375,1,0.0,170.4772186279297,169.2298156738281
AAPL,2023-05-17,169.4920742376562,170.69630196545663,168.21872838992437,170.45941162109375,170.45941162109375,57951600,0.0,172.78890991210938,1,0.0036032313010729844,170.35279541015626,169.76988067626954
AAPL,2023-05-18,170.76538642479474,172.97645812210007,170.35081330561755,172.78890991210938,172.78890991210938,65496700,0.0,172.8975067138672,1,0.013665999834574949,170.65682067871094,170.70652618408204
AAPL,2023-05-19,174.11161490131875,174.11161490131875,172.68034719263906,172.8975067138672,172.8975067138672,55809500,0.0,171.94989013671875,0,0.0006284940498382241,171.16813049316406,170.88713836669922
AAPL,2023-05-22,171.73273062815065,172.45331220735133,171.2095777379714,171.94989013671875,171.94989013671875,43570900,0.276749,169.34400939941406,0,-0.005480799550896198,171.5886260986328,170.97989044189453
AAPL,2023-05-23,170.89373741791002,171.1405082441651,169.06762727894406,169.34400939941406,169.34400939941406,50747300,0.3379094,169.62037658691406,1,-0.015154884572666671,171.48794555664062,170.98258209228516
AAPL,2023-05-24,168.88006417332414,170.19288666082696,168.317434571077,169.62037658691406,169.62037658691406,45143500,0.031839,170.75547790527344,1,0.001631986797053786,171.32013854980468,170.83646697998046
AAPL,2023-05-25,170.18296801046574,171.65371190586924,169.47226711082098,170.75547790527344,170.75547790527344,56058300,0.2904185,173.1640167236328,1,0.006692010365734191,170.9134521484375,170.7851364135742
AAPL,2023-05-26,171.08128541223243,173.49963649375093,170.873991291327,173.1640167236328,173.1640167236328,54835000,0.0,175.00985717773438,1,0.014105192102214836,170.9667541503906,171.06744232177735
AAPL,2023-05-30,174.6742524991613,176.67803022234617,174.28929064745816,175.00985717773438,175.00985717773438,55964400,0.0,174.96047973632812,0,0.01065949201817995,171.57874755859376,171.58368682861328
AAPL,2023-05-31,175.0394481918492,177.03336027410137,174.47680359439627,174.96047973632812,174.96047973632812,99625300,0.09291,177.76380920410156,1,-0.00028214091596057145,172.70204162597656,172.0949935913086
AAPL,2023-06-01,175.40468096744894,177.79342049505456,174.64462268903534,177.76380920410156,177.76380920410156,68901800,0.286549,178.6127166748047,1,0.01602264392506325,174.33072814941406,172.82543334960937
AAPL,2023-06-02,178.69168514468382,179.43199760539318,176.94454352013497,178.6127166748047,178.6127166748047,61996900,0.10950033333333332,177.26040649414062,0,0.004775479747558986,175.9021759033203,173.4078140258789
AAPL,2023-06-05,180.27101332814428,182.56103856696868,175.74028990045602,177.26040649414062,177.26040649414062,121946500,0.1175825,176.89517211914062,0,-0.0075711864521168515,176.72145385742186,173.84410400390624
AAPL,2023-06-06,177.64534986625156,177.79340630920336,175.13815031318512,176.89517211914062,176.89517211914062,64848400,0.388388,175.5231475830078,0,-0.002060439678682968,177.09851684570313,174.33863220214843
AAPL,2023-06-07,176.135134367242,178.86935913776645,175.02960596689772,175.5231475830078,175.5231475830078,61944600,0.0,178.2376251220703,1,-0.007756144612068527,177.21105041503907,174.9565460205078
AAPL,2023-06-08,175.60209965770608,178.50412674833163,175.1677956906412,178.2376251220703,178.2376251220703,50214900,0.414955,178.62258911132812,1,0.015465068718522046,177.30581359863282,175.81827087402343
AAPL,2023-06-09,179.1556074319137,179.87617397731293,178.2968498358667,178.62258911132812,178.62258911132812,48900000,-0.203032,181.416015625,1,0.0021598357192773587,177.3077880859375,176.6049819946289
AAPL,2023-06-12,178.92857679274874,181.51472997018058,178.63244881890137,181.416015625,181.416015625,54274900,0.037766,180.94223022460938,0,0.015638708001992185,178.13890991210937,177.43018188476563
AAPL,2023-06-13,180.43882318354116,181.77137654932005,180.08347260699438,180.94223022460938,180.94223022460938,54929100,0.370653,181.573974609375,1,-0.0026115963287937083,178.9483215332031,178.02341918945314
AAPL,2023-06-14,181.0014644735094,182.0082936822176,179.66891102186548,181.573974609375,181.573974609375,57462900,0.13253533333333334,183.60733032226562,1,0.0034914148232914055,180.15848693847656,178.6847686767578
AAPL,2023-06-15,181.58382192499832,184.11075236554325,181.40613912687283,183.60733032226562,183.60733032226562,65433200,0.24389349999999999,182.5314178466797,0,0.011198497566983656,181.23242797851563,179.2691207885742
AAPL,2023-06-16,184.31803597311566,184.57468723659963,181.88981981135748,182.5314178466797,182.5314178466797,101256200,0.3055972,182.62025451660156,1,-0.005859855778620138,182.01419372558593,179.6609909057617
AAPL,2023-06-20,182.02801364300083,183.69618663444365,182.02801364300083,182.62025451660156,182.62025451660156,49799100,0.085014,181.58383178710938,0,0.00048669248817478916,182.25504150390626,180.1969757080078
AAPL,2023-06-21,182.51167734169172,183.015099412311,180.23151756348105,181.58383178710938,181.58383178710938,49515700,0.207042,184.58456420898438,1,-0.005675289043023279,182.38336181640625,180.66584167480468
AAPL,2023-06-22,181.36667829792557,184.63392138287654,181.29757524213758,184.58456420898438,184.58456420898438,51245300,0.0,184.26870727539062,0,0.01652532823182784,182.98547973632813,181.57198333740234
AAPL,2023-06-23,183.1533133637622,185.13734541827677,182.62027993546528,184.26870727539062,184.26870727539062,53117000,0.0,182.8769073486328,0,-0.0017111773942057873,183.1177551269531,182.1750915527344
AAPL,2023-06-26,184.4167547195407,185.6209974197008,182.83741558637178,182.8769073486328,182.8769073486328,48088700,0.0,185.63087463378906,1,-0.007553099749474823,183.18685302734374,182.60052337646485
AAPL,2023-06-27,183.48890577659213,185.95661391553264,183.27174625542975,185.63087463378906,185.63087463378906,50730800,0.0,186.80548095703125,1,0.015059130893471107,183.78897705078126,183.02200927734376
AAPL,2023-06-28,185.5025240055518,187.4470789620611,185.17679982937508,186.80548095703125,186.80548095703125,51216800,0.410736,187.14111328125,1,0.006327645255992165,184.83330688476562,183.60833435058595
AAPL,2023-06-29,186.63770623646846,187.6149240946042,186.49951518133068,187.14111328125,187.14111328125,46347300,-0.119029,191.46450805664062,1,0.0017966942002947128,185.34461669921876,184.16504821777343
AAPL,2023-06-30,189.15473724224137,191.96791501002735,188.78950625721086,191.46450805664062,191.46450805664062,85213200,0.3267715,189.97406005859375,0,0.023102324762240167,186.78377685546874,184.95076599121094
AAPL,2023-07-03,191.27700219289193,191.37571654835668,189.28308969373236,189.97406005859375,189.97406005859375,31458200,0.06828599999999999,188.85862731933594,0,-0.0077844610114682355,188.20320739746094,185.69503021240234
AAPL,2023-07-05,189.09553270560195,190.48730854754436,188.15779163185775,188.85862731933594,188.85862731933594,46920300,-0.297945,189.3323974609375,1,-0.005871500240157923,188.8487579345703,186.3188674926758
AAPL,2023-07-06,187.38784264698543,189.5396915286371,186.75611009728527,189.3323974609375,189.3323974609375,45094300,0.178236,188.21701049804688,0,0.0025085967653490915,189.35414123535156,187.0937240600586
AAPL,2023-07-07,188.9375920522482,190.1813114167851,187.7827065576724,188.21701049804688,188.21701049804688,46815000,0.0,186.1737518310547,0,-0.0058911574450470905,189.56932067871094,187.45696868896485
AAPL,2023-07-10,186.8153498480431,187.53593138541007,184.62402407003376,186.1737518310547,186.1737518310547,59922200,0.206761,185.65061950683594,0,-0.010855866117443158,188.51116943359375,187.64747314453126
AAPL,2023-07-11,186.71667122446578,186.85486227702734,184.18974051380027,185.65061950683594,185.65061950683594,46638100,0.305424,187.3187713623047,1,-0.0028099144969344625,187.6464813232422,187.92484436035156
AAPL,2023-07-12,187.22992243297554,189.22383458950753,186.0355602702456,187.3187713623047,187.3187713623047,60750200,0.172151,188.07882690429688,1,0.00898543651456718,187.33851013183593,188.09363403320313
AAPL,2023-07-13,188.03935020331573,188.72044002337208,187.32864909209994,188.07882690429688,188.07882690429688,41342300,0.3142473333333333,188.22686767578125,1,0.004057551394686998,187.08779602050782,188.2209686279297
AAPL,2023-07-14,187.77280284934832,188.7105287268448,187.1805620612046,188.22686767578125,188.22686767578125,41616200,0.03749,191.48428344726562,1,0.0007871208786287553,187.0897674560547,188.3295440673828
AAPL,2023-07-17,189.42126802557274,191.81002272437502,189.33243414864154,191.48428344726562,191.48428344726562,50520200,0.136814,191.22764587402344,0,0.017305795988143524,188.15187377929686,188.3315216064453
AAPL,2023-07-18,190.8525644573039,191.81990188608006,189.93456914478574,191.22764587402344,191.22764587402344,48288200,0.0,192.57994079589844,1,-0.0013402539812771286,189.26727905273438,188.45688018798828
AAPL,2023-07-19,190.6057743707706,195.66950100927124,190.16157487576123,192.57994079589844,192.57994079589844,80507300,0.465246,190.63539123535156,0,0.007071649685871595,190.31951293945312,188.82901153564453
AAPL,2023-07-20,192.57006595398724,193.9322456468904,190.01352397351403,190.63539123535156,190.63539123535156,59581200,0.17080133333333333,189.46075439453125,0,-0.010097362957483536,190.83082580566406,188.95931091308594
AAPL,2023-07-21,191.59285775033445,192.45161532627134,188.75991868585442,189.46075439453125,189.46075439453125,71951700,0.0,190.26026916503906,1,-0.00616169344636619,191.07760314941407,189.08368530273438
AAPL,2023-07-24,190.91174763146105,192.392372294224,189.76672761078473,190.26026916503906,190.26026916503906,45377800,-0.417388,191.11903381347656,1,0.004219949261063949,190.83280029296876,189.49233703613282
AAPL,2023-07-25,190.83278632842445,191.92844922240585,190.4280786239598,191.11903381347656,191.11903381347656,37283200,0.383923,191.9876708984375,1,0.004513630997192486,190.8110778808594,190.03917846679687
AAPL,2023-07-26,191.16839008411552,193.112945076557,190.82292002182845,191.9876708984375,191.9876708984375,47471900,0.09086349999999999,190.72422790527344,0,0.004545005631457322,190.6926239013672,190.50606842041014
AAPL,2023-07-27,193.48806403406496,194.6528150463848,190.06288393124004,190.72422790527344,190.72422790527344,47460200,0.18234250000000002,193.3004913330078,1,-0.0065808548395402955,190.71039123535155,190.7706085205078
AAPL,2023-07-28,192.15547128634879,194.0901608500724,191.63231843190331,193.3004913330078,193.3004913330078,48291400,0.105407,193.9124755859375,1,0.013507793194548423,191.47833862304688,191.27797088623046
AAPL,2023-07-31,193.52751377225187,193.9519673452193,192.7378442652397,193.9124755859375,193.9124755859375,38824100,0.0,193.08335876464844,0,0.0031659736025988483,192.20877990722656,191.52079010009766
AAPL,2023-08-01,193.70522604358104,194.1888872056883,192.7576194786216,193.08335876464844,193.08335876464844,35175100,0.32763149999999996,190.0924835205078,0,-0.004275727071111568,192.60164489746094,191.70636138916015
AAPL,2023-08-02,192.52069974591456,192.65889079076135,189.37191700535638,190.0924835205078,190.0924835205078,50389300,0.15945333333333334,188.70069885253906,0,-0.015490072594947168,192.222607421875,191.4576156616211
AAPL,2023-08-03,189.09554118067888,189.885195713569,188.22690312046603,188.70069885253906,188.70069885253906,61235200,0.122054,179.63926696777344,0,-0.007321618625802162,191.81790161132812,191.26414642333984
AAPL,2023-08-04,183.12366926443607,184.9596445164711,179.57016391801557,179.63926696777344,179.63926696777344,115956800,-0.15305033333333334,176.53985595703125,0,-0.04802012891243568,189.08565673828124,190.28199768066406
AAPL,2023-08-07,179.77748800777417,180.76457131743229,175.0592309925441,176.53985595703125,176.53985595703125,97576100,0.16656500000000002,177.47755432128906,1,-0.0172535273777209,185.6111328125,188.9099563598633
AAPL,2023-08-08,177.36897457174686,177.94148460917899,175.2862285117603,177.47755432128906,177.47755432128906,67823000,0.17403466666666664,175.8883819580078,0,0.005311539194220449,182.48997192382814,187.54580841064453
AAPL,2023-08-09,178.53375806746422,178.59298065772126,174.7236157900662,175.8883819580078,175.8883819580078,60378500,0.239033,175.67120361328125,0,-0.008954216037957985,179.64915161132814,185.93587951660157
AAPL,2023-08-10,177.16169386807627,178.41529378720278,175.30598763799586,175.67120361328125,175.67120361328125,54686900,0.0,175.73049926757812,1,-0.001234750938685747,177.04325256347656,184.43057708740236
AAPL,2023-08-11,175.2659575562626,176.5508864753638,174.5048729038775,175.73049926757812,175.73049926757812,52036700,0.141537,177.38116455078125,1,0.0003375377015542025,176.2614990234375,182.67357788085937
AAPL,2023-08-14,175.90841909398483,177.60849603671858,175.2560608313475,177.38116455078125,177.38116455078125,43675600,0.0,175.39443969726562,0,0.009393163338651478,176.4297607421875,181.02044677734375
AAPL,2023-08-15,176.8078826094104,177.40092323969566,174.99907927707545,175.39443969726562,175.39443969726562,43622600,0.08976933333333333,174.52464294433594,0,-0.011200314636263808,176.0131378173828,179.25155487060547
AAPL,2023-08-16,175.07815356283987,176.47180884084688,174.45544657600635,174.52464294433594,174.52464294433594,46964900,0.348485,171.98440551757812,0,-0.004959089663452154,175.74039001464843,177.69477081298828
AAPL,2023-08-17,175.08803154260252,175.4537406821077,171.47042491030345,171.98440551757812,171.98440551757812,66062900,0.32502549999999997,172.46875,1,-0.014555179050376399,175.0030303955078,176.02314147949218
AAPL,2023-08-18,170.30411608587545,173.0716844916875,169.96805819399307,172.46875,172.46875,61172200,0.0,173.8031005859375,1,0.0028162116266545745,174.35068054199218,175.30608978271485
AAPL,2023-08-21,173.04203097276417,174.08974972921308,171.7274356199635,173.8031005859375,173.8031005859375,46311900,0.0,175.177001953125,1,0.007736767303859304,173.63506774902345,175.03241424560548
AAPL,2023-08-22,175.00897300604348,175.62178623446252,174.20835828322907,175.177001953125,175.177001953125,42038900,0.297651,179.0219268798828,1,0.007904930133902699,173.59158020019532,174.80235900878907
AAPL,2023-08-23,176.45205395893973,179.44695366375947,176.264252478764,179.0219268798828,179.0219268798828,52722800,0.3157286666666666,174.33685302734375,0,0.021948799693390475,174.49103698730468,175.11571350097657
AAPL,2023-08-24,178.57715186115848,179.00217866700072,173.9711287799832,174.33685302734375,174.33685302734375,54945800,0.15879100000000002,176.54100036621094,1,-0.026170391159305195,174.9615264892578,174.9822784423828
AAPL,2023-08-25,175.3252527852027,177.07473842454561,173.78332608108835,176.54100036621094,176.54100036621094,51449600,0.324797,178.10272216796875,1,0.012643037318801786,175.7759765625,175.0633285522461
AAPL,2023-08-28,178.00387451255935,178.49808262553688,176.48172016068384,178.10272216796875,178.10272216796875,43820700,0.419695,181.9871826171875,1,0.008846227213611835,176.63590087890626,175.13548431396484
AAPL,2023-08-29,177.61838490226515,182.7581460326424,177.4207046822572,181.9871826171875,181.9871826171875,53003900,0.1737992,185.47630310058594,1,0.021810225031570818,177.99793701171876,175.79475860595704
AAPL,2023-08-30,182.7977035116121,185.6739984160231,182.60002327821,185.47630310058594,185.47630310058594,60813900,0.3096975,185.69374084472656,1,0.01917234188265793,179.28881225585937,176.88992462158203
AAPL,2023-08-31,185.66408956621913,186.92926105598286,185.30825914209595,185.69374084472656,185.69374084472656,60794500,0.199815,187.26531982421875,1,0.0011723208868503754,181.56018981933593,178.26085815429687
AAPL,2023-09-01,187.29497110047913,187.7199827815663,186.09898099052413,187.26531982421875,187.26531982421875,45766500,0.04080750000000001,187.50253295898438,1,0.008463284612303168,183.7050537109375,179.74051513671876
AAPL,2023-09-05,186.09898389331408,187.77928826308653,185.4367469097816,187.50253295898438,187.50253295898438,45280000,-0.200601,180.79119873046875,0,0.0012667221832012299,185.58501586914062,181.11045837402344
AAPL,2023-09-06,186.21759365485326,186.66239298088038,179.3678770840619,180.79119873046875,180.79119873046875,81755800,0.125105,175.50315856933594,0,-0.03579329901630557,185.34581909179687,181.6718780517578
AAPL,2023-09-07,173.1507234483217,176.14563807720947,171.5297216636145,175.50315856933594,175.50315856933594,112488800,0.149384,176.11595153808594,1,-0.029249433591158613,183.35119018554687,181.32000122070312
AAPL,2023-09-08,176.28399552635892,178.15210111956102,175.73046991034678,176.11595153808594,176.11595153808594,65551300,0.24420699999999998,177.28231811523438,1,0.0034916349867737395,181.43563232421874,181.49791107177734
AAPL,2023-09-11,177.98410020535158,178.21143169284028,175.28571330476424,177.28231811523438,177.28231811523438,58953100,0.19901933333333333,174.25778198242188,0,0.006622719673954114,179.43903198242188,181.5720428466797
AAPL,2023-09-12,177.4108321261293,178.04341790139725,172.79493020499618,174.25778198242188,174.25778198242188,90370200,0.22999914285714285,172.19200134277344,0,-0.017060562863615902,176.7900817871094,181.187548828125
AAPL,2023-09-13,174.46534664942806,175.24620393193433,171.96465474647994,172.19200134277344,172.19200134277344,84267900,0.31987666666666664,173.70423889160156,1,-0.011854739662971348,175.07024230957032,180.2080307006836
AAPL,2023-09-14,171.98438956640607,174.06006926639952,171.56925664281374,173.70423889160156,173.70423889160156,60895800,0.413416,172.98272705078125,0,0.008782275233666592,174.71045837402343,179.03082427978515
AAPL,2023-09-15,174.43570018321154,174.45547273170345,171.80652435113169,172.98272705078125,172.98272705078125,109259500,0.27820175,175.90843200683594,1,-0.004153680102594204,174.0838134765625,177.7597229003906
AAPL,2023-09-18,174.4356864419302,177.3021024660386,174.12927983360214,175.90843200683594,175.90843200683594,67257600,0.26428050000000003,176.9956817626953,1,0.016913278024549783,173.8090362548828,176.62403411865233
AAPL,2023-09-19,175.46363376102514,177.54919237650395,175.07815207769175,176.9956817626953,176.9956817626953,51826900,0.25936950000000003,173.4571533203125,0,0.006180771117425099,174.3566162109375,175.57334899902344
AAPL,2023-09-20,177.18347129792434,177.61837681135137,173.36818440563272,173.4571533203125,173.4571533203125,58436200,0.0,171.9152069091797,0,-0.01999217386064278,174.60964660644532,174.8399444580078
AAPL,2023-09-21,172.5280351536478,174.25776334751873,171.846025624082,171.9152069091797,171.9152069091797,63149100,0.266283,172.76527404785156,1,-0.008889494504071505,174.25184020996093,174.48114929199218
AAPL,2023-09-22,172.6466689211189,175.02875576323612,172.0338556569529,172.76527404785156,172.76527404785156,56725400,0.28398,174.04031372070312,1,0.004944688454006085,174.208349609375,174.14608154296874
AAPL,2023-09-25,172.1820865728236,174.92000347180993,172.13266274999066,174.04031372070312,174.04031372070312,46172700,0.16599,169.96804809570312,0,0.0073801849351879945,173.83472595214843,173.82188110351564
AAPL,2023-09-26,172.7949188930673,173.1705067749598,169.67152023376326,169.96804809570312,169.96804809570312,64588900,0.19349733333333333,168.45574951171875,0,-0.023398404300368547,172.42919921875,173.39290771484374
AAPL,2023-09-27,170.6203831944849,171.0355161486817,167.09174554279588,168.45574951171875,168.45574951171875,66921800,-0.06605033333333335,168.71273803710938,1,-0.008897546338432094,171.42891845703124,173.01928253173827
AAPL,2023-09-28,167.3783703364052,170.03721192481018,165.678293523344,168.71273803710938,168.71273803710938,56294400,-0.16892,169.22674560546875,1,0.001525555085745145,170.78842468261718,172.52013244628907
AAPL,2023-09-29,170.02736032081233,171.06520035560507,168.36681324873706,169.22674560546875,169.22674560546875,51861100,0.0,171.7373046875,1,0.003046643509788227,170.08071899414062,172.1445343017578
AAPL,2023-10-02,169.23661305458424,172.28093658205415,168.9499639274405,171.7373046875,171.7373046875,52164500,-0.204867,170.40293884277344,0,0.014835474576130547,169.6201171875,171.72742156982423
AAPL,2023-10-03,170.26456118455488,171.61870157072957,168.84125459232132,170.40293884277344,170.40293884277344,49594600,0.364448,171.64833068847656,1,-0.007769807772135651,169.70709533691405,171.06814727783203
AAPL,2023-10-04,169.10809426237566,172.19196251916273,168.9894891655102,171.64833068847656,171.64833068847656,53020300,0.16811733333333334,172.88388061523438,1,0.007308511544229956,170.34561157226562,170.88726501464845
AAPL,2023-10-05,171.77684421895017,173.41761872545223,170.67970163713667,172.88388061523438,172.88388061523438,48527900,0.24165350000000002,175.4340057373047,1,0.00719814705917643,171.17984008789062,170.9841323852539
AAPL,2023-10-06,171.78674735969838,175.92821386257307,171.17391902858174,175.4340057373047,175.4340057373047,57266700,0.0,176.91661071777344,1,0.014750508335394263,172.42129211425782,171.25100555419922
AAPL,2023-10-09,174.76185568517045,176.9759132731787,173.76356081110382,176.91661071777344,176.91661071777344,42390800,0.206868,176.32354736328125,0,0.008451069530321265,173.4571533203125,171.53863525390625
AAPL,2023-10-10,176.03691333055846,177.6381425852869,175.88864186643335,176.32354736328125,176.32354736328125,43698000,0.0,177.7172088623047,1,-0.0033522197383617502,174.64127502441406,172.17418518066407
AAPL,2023-10-11,176.13573714899445,177.76663268122664,175.5426965680271,177.7172088623047,177.7172088623047,47551100,0.156831,178.61669921875,1,0.007904001024616747,175.85505065917968,173.10033111572267
AAPL,2023-10-12,177.98411345020415,180.2278073787141,176.96603088257305,178.61669921875,178.61669921875,56743100,0.063074,176.7782440185547,0,0.005061357660316679,177.00161437988282,174.09072723388672
AAPL,2023-10-13,179.31846581874476,179.82255265296823,176.0764618780152,176.7782440185547,176.7782440185547,51427100,0.30514600000000003,176.64971923828125,0,-0.010292739750742852,177.2704620361328,174.84587707519532
AAPL,2023-10-16,174.7025383958498,177.00554962273654,174.46531311220224,176.64971923828125,176.64971923828125,52517000,0.0,175.0979461669922,0,-0.0007270395799380269,177.2170837402344,175.33711853027344
AAPL,2023-10-17,174.60373800385415,176.35323912433296,172.77517684946517,175.0979461669922,175.0979461669922,57549400,0.0,173.8031005859375,0,-0.008784463841665646,176.97196350097656,175.8066192626953
AAPL,2023-10-18,173.5461178040648,175.5229501994882,173.08156098457755,173.8031005859375,173.8031005859375,54764400,0.0,173.42750549316406,0,-0.007394978692781384,176.18914184570312,176.0220962524414
AAPL,2023-10-19,174.0007735918687,175.77992569036093,173.16062890788183,173.42750549316406,173.42750549316406,59302900,0.0,170.8773956298828,0,-0.0021610379303200755,175.15130310058595,176.0764587402344
AAPL,2023-10-20,173.27923973046956,173.3879661145723,170.64017031492207,170.8773956298828,170.8773956298828,64244000,0.125033,170.99600219726562,1,-0.01470418349171132,173.97113342285155,175.62079772949218
AAPL,2023-10-23,168.93021596381925,171.99429712738208,167.96155723103598,170.99600219726562,170.99600219726562,55980100,0.18150566666666668,171.43089294433594,1,0.000694103318613859,172.84039001464845,175.02873687744142
AAPL,2023-10-24,171.045411263789,171.65822442721412,169.4639394511676,171.43089294433594,171.43089294433594,43816600,0.21588700000000002,169.11802673339844,0,0.0025432802023559464,172.1069793701172,174.5394714355469
AAPL,2023-10-25,169.88899020331988,171.05531414118843,168.67322735441405,169.11802673339844,169.11802673339844,57157000,0.1782275,164.95677185058594,0,-0.013491536859044917,171.1699645996094,173.67955322265624
AAPL,2023-10-26,168.3964558542296,169.39476582537458,163.75090293239452,164.95677185058594,164.95677185058594,70625300,0.0,166.2713623046875,1,-0.024605625805771747,169.47581787109374,172.31356048583984
AAPL,2023-10-27,164.97653958977486,167.00279566914165,164.89746448966903,166.2713623046875,166.2713623046875,58499100,0.0,168.31739807128906,1,0.007969302741279938,168.5546112060547,171.26287231445312
AAPL,2023-10-30,167.06212028170575,169.18720920526536,166.91384879366788,168.31739807128906,168.31739807128906,51131000,0.2946026666666667,168.79180908203125,1,0.0123054008714516,168.01889038085938,170.4296401977539
AAPL,2023-10-31,167.38826013413149,168.92029290970513,165.9550448299652,168.79180908203125,168.79180908203125,44846000,0.0,171.9547576904297,1,0.0028185500499553484,167.49107360839844,169.7990264892578
AAPL,2023-11-01,169.01916053768616,172.2117404582064,168.14934950515965,171.9547576904297,171.9547576904297,56934900,0.30936275,175.5130615234375,1,0.018738756492983955,168.05841979980468,169.61419219970702
AAPL,2023-11-02,173.4868054165182,175.7206204672586,173.42750286114074,175.5130615234375,175.5130615234375,77334800,0.091603,174.60369873046875,0,0.020693256068051502,170.169677734375,169.82274780273437
AAPL,2023-11-03,172.22162738228718,174.77174274032964,171.34193765305042,174.60369873046875,174.60369873046875,79829200,0.137561,177.15383911132812,1,-0.005181168769295974,171.83614501953124,170.19537811279298
AAPL,2023-11-06,174.33686186638658,177.3515193436343,174.1688329148246,177.15383911132812,177.15383911132812,63841300,0.35919,179.71380615234375,1,0.014605305611514963,173.60343322753906,170.81116180419923
AAPL,2023-11-07,177.10437340755996,180.32661925220768,176.89681449142668,179.71380615234375,179.71380615234375,70530000,0.200371,180.77142333984375,1,0.014450530984015941,175.78783264160157,171.639453125
AAPL,2023-11-08,180.23768527185777,181.32493395317235,179.4864793691692,180.77142333984375,180.77142333984375,49340300,0.0,180.29696655273438,0,0.0058850080032439855,177.55116577148436,172.80479278564454
AAPL,2023-11-09,180.84059837026544,181.98714947029399,179.7039109186948,180.29696655273438,180.29696655273438,53763500,0.1537945,184.48350524902344,1,-0.0026246227326396365,178.50794677734376,174.33881225585938
AAPL,2023-11-10,182.07849676599454,184.6517706680945,181.64301825007877,184.48350524902344,184.48350524902344,66133400,-0.11787700000000001,182.89993286132812,0,0.02322023923272476,180.4839080810547,176.16002655029297
AAPL,2023-11-13,183.9094496896321,184.1172820619318,182.31600272709323,182.89993286132812,182.89993286132812,43627500,0.034905599999999995,185.51280212402344,1,-0.00858381558588528,181.63312683105468,177.61828002929687
AAPL,2023-11-14,185.77012344749633,186.17591157835597,184.38452385663774,185.51280212402344,185.51280212402344,60108400,0.048920999999999985,186.07691955566406,1,0.014285785794554418,182.7929260253906,179.2903793334961
AAPL,2023-11-15,185.91857611582427,187.55160515956638,185.84928859059917,186.07691955566406,186.07691955566406,53790500,0.101179,187.7594757080078,1,0.0030408544595401654,183.8540252685547,180.70259552001954
AAPL,2023-11-16,187.6209157424311,188.9966236513369,186.7103615664657,187.7594757080078,187.7594757080078,54412900,0.2561,187.7396697998047,0,0.009042261428024334,185.34652709960938,181.92723693847657
AAPL,2023-11-17,188.29390964052354,188.42257785422723,186.63119011836693,187.7396697998047,187.7396697998047,50922700,0.2918805,189.4815673828125,1,-0.00010548553210665279,185.9977600097656,183.24083404541017
AAPL,2023-11-20,187.93760923589429,189.93684445013852,187.92771748948175,189.4815673828125,189.4815673828125,46505100,0.1360825,188.6798858642578,0,0.009278260608774236,187.3140869140625,184.4736068725586
AAPL,2023-11-21,189.44197314241592,189.55084275358138,187.78914548337832,188.6798858642578,188.6798858642578,38134500,0.30550666666666665,189.34300231933594,1,-0.0042309208733483095,187.94750366210937,185.37021484375
AAPL,2023-11-22,189.52115946327928,190.9463411053134,188.8679417719912,189.34300231933594,189.34300231933594,39617700,-0.018480999999999997,188.01681518554688,0,0.0035145052798855048,188.60072021484376,186.2273727416992
AAPL,2023-11-24,188.90755574993122,188.93724609528368,187.30421669327737,188.01681518554688,188.01681518554688,24048300,0.0,187.83863830566406,0,-0.007004151817305515,188.65218811035157,186.99935760498047
AAPL,2023-11-27,187.96730652329646,188.70959528304604,186.95778958150402,187.83863830566406,187.83863830566406,40552600,-0.027836,188.44235229492188,1,-0.0009476645996102651,188.67198181152344,187.33487091064453
AAPL,2023-11-28,187.82873180101734,189.1153685705385,187.45263402635211,188.44235229492188,188.44235229492188,38415400,0.0,187.42295837402344,0,0.0032140032248073602,188.46413879394532,187.8891128540039
AAPL,2023-11-29,188.93722623545,190.11499348364924,187.02707707633283,187.42295837402344,187.42295837402344,43014200,0.0,187.9969940185547,1,-0.005409579685691002,188.21275329589844,188.08012847900392
AAPL,2023-11-30,187.88812439803064,188.36320007044645,186.2550951920731,187.9969940185547,187.9969940185547,48794400,0.2957111111111111,189.2737274169922,1,0.003062781899887179,187.94355163574218,188.27213592529296
AAPL,2023-12-01,188.37308016671426,189.59042941044567,187.2843840288066,189.2737274169922,189.2737274169922,45704800,0.07718449999999999,187.4823455810547,0,0.006791243685053239,188.19493408203124,188.4235610961914
AAPL,2023-12-04,188.0266937107449,188.0959812462982,185.5227074160739,187.4823455810547,187.4823455810547,43389500,0.288772,191.4313507080078,1,-0.009464503396136359,188.12367553710936,188.3978286743164
AAPL,2023-12-05,188.25436277592215,192.40127061074205,188.22465732712996,191.4313507080078,191.4313507080078,66628400,0.404216,190.34263610839844,0,0.02106334393627396,188.72147521972656,188.59280700683593
AAPL,2023-12-06,192.45072587794942,192.75753614335477,190.1347886146608,190.34263610839844,190.34263610839844,41089700,0.010661000000000004,192.2725830078125,1,-0.00568723250179648,189.30541076660157,188.75908203125
AAPL,2023-12-07,191.63916388460834,192.99507315570867,191.59956669458757,192.2725830078125,192.2725830078125,47477700,0.002192499999999993,193.69776916503906,1,0.010139330519279843,190.16052856445313,189.05204010009766
AAPL,2023-12-08,192.2032849129047,193.97488907234165,191.67873543823174,193.69776916503906,193.69776916503906,53406400,0.261653,191.19378662109375,0,0.007412321272912026,191.0453369140625,189.62013549804686
AAPL,2023-12-11,191.12451418849048,191.50061200003438,189.45188773429211,191.19378662109375,191.19378662109375,60943700,0.326759,192.7080535888672,1,-0.012927265784934305,191.78762512207032,189.95565032958984
AAPL,2023-12-12,191.09480795445688,192.71794533501543,189.748790485074,192.7080535888672,192.7080535888672,52696900,0.083498,195.92465209960938,1,0.007920063693149126,192.0429656982422,190.38222045898436
AAPL,2023-12-13,193.08415015292962,195.96423418895137,192.8466274130704,195.92465209960938,195.92465209960938,70404200,0.424651,196.07310485839844,1,0.01669156244816139,193.15936889648438,191.23238983154297
AAPL,2023-12-14,195.98403383047588,197.567574144968,194.14315707722483,196.07310485839844,196.07310485839844,66831600,-0.396785,195.53866577148438,0,0.0007577033170567127,193.91947326660156,192.04000091552734
AAPL,2023-12-15,195.4990685795855,196.36011872958818,194.9745190512041,195.53866577148438,195.53866577148438,128538400,0.100606,193.87591552734375,0,-0.00272571338787142,194.28765258789062,192.66649475097657
AAPL,2023-12-18,194.0738561652729,194.60831249977454,192.39133809002112,193.87591552734375,193.87591552734375,55751900,-0.339574,194.9151153564453,1,-0.008503434538536747,194.82407836914064,193.30585174560548
AAPL,2023-12-19,194.14313632648785,194.92500710230044,193.87590816937887,194.9151153564453,194.9151153564453,40714100,0.08165933333333335,192.82681274414062,0,0.005360128545492282,195.26549072265624,193.65422821044922
AAPL,2023-12-20,194.87552171417178,195.64750075817219,192.82681274414062,192.82681274414062,192.82681274414062,52242800,0.22319199999999997,192.6783447265625,0,-0.010713907992644711,194.6459228515625,193.90264587402345
AAPL,2023-12-21,194.08375795359612,195.0536776254948,191.51048442189503,192.6783447265625,192.6783447265625,46482500,0.132449,191.6094970703125,0,-0.0007699552539672805,193.96697082519532,193.94322204589844
AAPL,2023-12-22,193.173238924369,193.40088504018271,190.98596961710052,191.6094970703125,191.6094970703125,37149600,0.297475,191.06512451171875,0,-0.0055473159568961705,193.18113708496094,193.7343948364258
AAPL,2023-12-26,191.6193643540786,191.89648427525853,190.84738527337694,191.06512451171875,191.06512451171875,28919300,-0.070713,191.16409301757812,1,-0.0028410520716203314,192.61897888183594,193.72152862548828
AAPL,2023-12-27,190.5108903848591,191.5105004803971,189.12527563548673,191.16409301757812,191.16409301757812,48087700,0.3943775,191.58969116210938,1,0.000517983101899322,191.8687744140625,193.56713256835937
AAPL,2023-12-28,192.14393105407996,192.65858885458314,191.18390299052217,191.58969116210938,191.58969116210938,34049900,0.0,190.5504608154297,0,0.0022263498223598077,191.62135009765626,193.13363647460938
AAPL,2023-12-29,191.9063700376295,192.40122918172025,189.758683164504,190.5504608154297,190.5504608154297,42672100,0.2103516666666667,183.73130798339844,0,-0.005424249814152904,191.19577331542968,192.5813720703125
