ticker,date,open,high,low,close,adj_close,volume
AAPL,2023-01-03,128.2237854341601,128.83399514878522,122.21021915687207,123.09601593017578,123.09601593017578,112117500
AAPL,2023-01-04,124.88729543343348,126.62936374107429,123.10586505340991,124.36566162109375,124.36566162109375,89113600
AAPL,2023-01-05,125.12351256937882,125.75341088924934,122.79092293482029,123.04681396484375,123.04681396484375,80962700
AAPL,2023-01-06,124.02117217456781,128.2336117453076,122.91884655664052,127.57418823242188,127.57418823242188,87754700
AAPL,2023-01-09,128.4108124086458,131.30441322455866,127.83996466106093,128.09585571289062,128.09585571289062,70790800
AAPL,2023-01-10,128.20408860626057,129.1883055110105,126.09786503081405,128.6666717529297,128.6666717529297,63896200
AAPL,2023-01-11,129.17849644752224,131.402821722743,128.40097153395064,131.38314819335938,131.38314819335938,69458900
AAPL,2023-01-12,131.76698078856714,132.14097304777255,129.36548883237654,131.3043975830078,131.3043975830078,71379600
AAPL,2023-01-13,129.9461488585014,132.7905349401524,129.5819934315568,132.633056640625,132.633056640625,57809700
AAPL,2023-01-17,132.70195234994011,135.12311725700644,132.01300359662682,133.79443359375,133.79443359375,63646600
AAPL,2023-01-18,134.6605787592018,136.42232060237055,132.8988218980733,133.07598876953125,133.07598876953125,69672800
AAPL,2023-01-19,131.96380450388668,134.09955338686564,131.65869966602656,133.13502502441406,133.13502502441406,58280400
AAPL,2023-01-20,133.14486670992753,135.84162653742413,132.1015991542997,135.69398498535156,135.69398498535156,80223600
AAPL,2023-01-23,135.94005904305521,141.0579999020067,135.72353008280908,138.88287353515625,138.88287353515625,81760300
AAPL,2023-01-24,138.0954784443646,140.90050277108796,138.08564168128757,140.2804412841797,140.2804412841797,66435100
AAPL,2023-01-25,138.6663409653264,140.18202862963406,136.61916767862735,139.62103271484375,139.62103271484375,65799300
AAPL,2023-01-26,140.91037200424128,141.97332836189656,139.6604119793185,141.6879119873047,141.6879119873047,54105100
AAPL,2023-01-27,140.90048495518886,144.90623964304373,140.82174580665185,143.6267547607422,143.6267547607422,70555800
AAPL,2023-01-30,142.67209860282117,143.2527830109075,140.59540019505755,140.74302673339844,140.74302673339844,64015300
AAPL,2023-01-31,140.4477633640219,142.06187864867766,140.03439402480078,142.01266479492188,142.01266479492188,65874500
AAPL,2023-02-01,141.69774073810188,144.29607334830789,139.08957136310852,143.1346893310547,143.1346893310547,77663600
AAPL,2023-02-02,146.54991104174482,148.79392468833726,145.83143680858885,148.4396209716797,148.4396209716797,118339000
AAPL,2023-02-03,145.69363837431163,154.8960731461596,145.4967979818679,152.0615234375,152.0615234375,154357300
AAPL,2023-02-06,150.1620046015634,150.6836384438328,148.40024764766747,149.3352508544922,149.3352508544922,69858300
AAPL,2023-02-07,148.26246234257331,152.7800151967711,148.26246234257331,152.20916748046875,152.20916748046875,83322600
AAPL,2023-02-08,151.45133472995892,152.14028370808583,148.7840997356859,149.5222625732422,149.5222625732422,64120100
AAPL,2023-02-09,151.3529059605557,151.89422837459855,148.0459358705389,148.48883056640625,148.48883056640625,56007100
AAPL,2023-02-10,147.32567733632254,149.17882019931434,147.08909918660703,148.85353088378906,148.85353088378906,57450700
AAPL,2023-02-13,148.79440338379132,152.05713357186568,148.76483299254943,151.6529998779297,151.6529998779297,62199000
AAPL,2023-02-14,149.94767374239032,151.57412024796835,148.70567235340334,151.0122528076172,151.0122528076172,61707600
AAPL,2023-02-15,150.92357800911904,153.2794480234058,150.69686663828347,153.11187744140625,153.11187744140625,65573800
AAPL,2023-02-16,151.31784339392544,154.09758049199988,151.16013965459408,151.51499938964844,151.51499938964844,68167900
AAPL,2023-02-17,150.17441057100683,150.81512239489066,148.69583093968438,150.37155151367188,150.37155151367188,59144100
AAPL,2023-02-21,148.05510409777494,149.1394018439348,146.29067235544917,146.3596649169922,146.3596649169922,58867200
AAPL,2023-02-22,146.74410160351695,147.8086807909047,145.0585291708209,146.78353881835938,146.78353881835938,51011300
AAPL,2023-02-23,147.946689634791,148.19311959888688,145.13739706863274,147.26654052734375,147.26654052734375,48394200
AAPL,2023-02-24,145.0092263234326,145.0880857046954,143.6390765358812,144.6149444580078,144.6149444580078,55469600
AAPL,2023-02-27,145.6006854773172,147.03982803359767,145.344388690471,145.80767822265625,145.80767822265625,44998500
AAPL,2023-02-28,144.95007197860627,146.9510815880518,144.7332124606566,145.304931640625,145.304931640625,50547000
AAPL,2023-03-01,144.73323786008925,145.1275197577975,142.93922063146897,143.2349395751953,143.2349395751953,55479000
AAPL,2023-03-02,142.31826554333702,144.6149950633121,141.84510909018817,143.826416015625,143.826416015625,52238100
AAPL,2023-03-03,145.9259528752422,148.9521198871165,145.22610023869615,148.87326049804688,148.87326049804688,70732300
AAPL,2023-03-06,151.59381779613093,154.06798373466975,151.26854354881283,151.6332550048828,151.6332550048828,87558000
AAPL,2023-03-07,151.50513754277677,151.83042689733767,148.97184535612897,149.4351348876953,149.4351348876953,56182000
AAPL,2023-03-08,150.62784041964048,151.278419098267,149.66183922588297,150.68698120117188,150.68698120117188,47204800
AAPL,2023-03-09,151.36711819838627,152.33311931510104,148.08466971716794,148.4395294189453,148.4395294189453,53833600
AAPL,2023-03-10,148.06496662146847,148.78453780981002,145.5020893181875,146.37937927246094,146.37937927246094,68572400
AAPL,2023-03-13,145.69925527320058,150.95314411845015,145.59082548311505,148.32127380371094,148.32127380371094,84457100
AAPL,2023-03-14,149.11968969699433,151.209410853691,147.95654755608294,150.41098022460938,150.41098022460938,73695900
AAPL,2023-03-15,149.03093864826403,151.06151848034872,147.7790706295072,150.80523681640625,150.80523681640625,77167900
AAPL,2023-03-16,149.98712698991974,154.22572509887632,149.47454848721353,153.6244354248047,153.6244354248047,76161100
AAPL,2023-03-17,153.85115455030763,154.50173325502132,152.07685582876627,152.7865753173828,152.7865753173828,98944600
AAPL,2023-03-20,152.85558396503848,155.56631354554972,151.94870846939224,155.1522979736328,155.1522979736328,73641400
AAPL,2023-03-21,155.0734600878072,157.1237442200261,154.3045847371103,157.00546264648438,157.00546264648438,73938300
AAPL,2023-03-22,157.02513511228065,159.8245751633318,155.5564074952064,155.5761260986328,155.5761260986328,75701800
AAPL,2023-03-23,156.56189845720945,159.24305787299903,155.42831151194017,156.66046142578125,156.66046142578125,67622100
AAPL,2023-03-24,156.59142861861952,158.0502895303303,155.59585715875076,157.96157836914062,157.96157836914062,59196500
AAPL,2023-03-27,157.6560281012329,158.47417734472043,155.61558088418133,156.0197296142578,156.0197296142578,52390300
AAPL,2023-03-28,155.71413440722972,156.22671283698608,153.75254688783264,155.39869689941406,155.39869689941406,45992200
AAPL,2023-03-29,157.09415020907082,158.75016719414856,157.074446643704,158.4741668701172,158.4741668701172,51305700
AAPL,2023-03-30,159.2232937572216,160.14987263415844,158.96701206310877,160.04144287109375,160.04144287109375,49501700
AAPL,2023-03-31,160.12034916693244,162.64378980216873,159.59791880296052,162.5452117919922,162.5452117919922,68749800
AAPL,2023-04-03,161.92418140899423,163.91532439911353,161.87489241518372,163.7970428466797,163.7970428466797,56976200
AAPL,2023-04-04,164.22095058539657,164.45751374852026,162.7522224371345,163.26480102539062,163.26480102539062,46278300
AAPL,2023-04-05,162.38746386000238,162.69303455117807,159.489445623491,161.42144775390625,161.42144775390625,51511700
AAPL,2023-04-06,160.1104583059446,162.60434321282244,159.686606015777,162.30862426757812,162.30862426757812,45390100
AAPL,2023-04-10,159.11488161033475,159.71617126464844,157.7940207437735,159.71617126464844,159.71617126464844,47716900
AAPL,2023-04-11,160.03162242596915,160.0414742096721,158.21788648492154,158.50375366210938,158.50375366210938,47644200
AAPL,2023-04-12,158.9177526201656,159.74575366976245,157.49831365463328,157.81375122070312,157.81375122070312,50133100
AAPL,2023-04-13,159.32191350458623,163.4323637150449,159.11490570596376,163.19578552246094,163.19578552246094,68445600
AAPL,2023-04-14,162.23964296372833,163.9449493067031,161.4806494316569,162.85079956054688,162.85079956054688,49386500
AAPL,2023-04-17,162.73245273206868,163.02817163401676,161.68759231395518,162.87045288085938,162.87045288085938,41516200
AAPL,2023-04-18,163.7280923807177,165.01938312972754,163.2845063632714,164.09280395507812,164.09280395507812,49923000
AAPL,2023-04-19,163.43235220441335,165.75865162452376,163.1760554202755,165.23622131347656,165.23622131347656,47720200
AAPL,2023-04-20,163.71818673436218,165.47276665465435,163.1957564794937,164.2701873779297,164.2701873779297,52456400
AAPL,2023-04-21,162.6930683177726,164.07307012591417,162.141067594516,162.6634979248047,162.6634979248047,58337300
AAPL,2023-04-24,162.643765839196,163.23520373133107,161.54961626736943,162.96905517578125,162.96905517578125,41949600
AAPL,2023-04-25,162.8310711478655,163.93507261234095,161.3919134894812,161.4313507080078,161.4313507080078,48714100
AAPL,2023-04-26,160.73144699304368,162.91974586384254,160.47516529354857,161.42144775390625,161.42144775390625,45498800
AAPL,2023-04-27,162.83104713478986,166.1529178634098,162.83104713478986,166.00506591796875,166.00506591796875,64902300
AAPL,2023-04-28,166.08391841749662,167.42449781718415,165.48262879614657,167.2569122314453,167.2569122314453,55275900
AAPL,2023-05-01,166.86264216717663,168.01593249804148,166.2317821133474,167.168212890625,167.168212890625,52472900
AAPL,2023-05-02,167.66109333275145,167.91739013162538,165.14750459229282,166.1332244873047,166.1332244873047,48425700
AAPL,2023-05-03,167.07949000013943,168.47921017635485,164.77290950021637,165.0587615966797,165.0587615966797,65136000
AAPL,2023-05-04,162.53531316165655,164.65460440159984,161.96359395737636,163.42245483398438,163.42245483398438,81235400
AAPL,2023-05-05,168.5383592942621,171.8109560965244,168.32149974515366,171.0913848876953,171.0913848876953,113453200
AAPL,2023-05-08,170.01693107088172,171.3673772990156,169.65221959190652,171.02236938476562,171.02236938476562,55962800
AAPL,2023-05-09,170.57881302608763,171.06180609803263,169.14952233576255,169.3170928955078,169.3170928955078,45326900
AAPL,2023-05-10,170.54924563088602,171.54481722364216,169.4452292165715,171.08152770996094,171.08152770996094,53724500
AAPL,2023-05-11,171.36736154745756,172.0967844383617,169.71134476851833,171.26878356933594,171.26878356933594,49514700
AAPL,2023-05-12,171.3773829679925,171.8117019924622,168.79122976444327,170.34095764160156,170.34095764160156,45533100
AAPL,2023-05-15,170.92332917405315,170.97268634600138,169.2551561693846,169.847412109375,169.847412109375,37266700
AAPL,2023-05-16,169.76844364659667,170.903583292935,169.58089543020992,169.847412109375,169.847412109375,42110300
AAPL,2023-05-17,169.4920742376562,170.69630196545663,168.21872838992437,170.45941162109375,170.45941162109375,57951600
AAPL,2023-05-18,170.76538642479474,172.97645812210007,170.35081330561755,172.78890991210938,172.78890991210938,65496700
AAPL,2023-05-19,174.11161490131875,174.11161490131875,172.68034719263906,172.8975067138672,172.8975067138672,55809500
AAPL,2023-05-22,171.73273062815065,172.45331220735133,171.2095777379714,171.94989013671875,171.94989013671875,43570900
AAPL,2023-05-23,170.89373741791002,171.1405082441651,169.06762727894406,169.34400939941406,169.34400939941406,50747300
AAPL,2023-05-24,168.88006417332414,170.19288666082696,168.317434571077,169.62037658691406,169.62037658691406,45143500
AAPL,2023-05-25,170.18296801046574,171.65371190586924,169.47226711082098,170.75547790527344,170.75547790527344,56058300
AAPL,2023-05-26,171.08128541223243,173.49963649375093,170.873991291327,173.1640167236328,173.1640167236328,54835000
AAPL,2023-05-30,174.6742524991613,176.67803022234617,174.28929064745816,175.00985717773438,175.00985717773438,55964400
AAPL,2023-05-31,175.0394481918492,177.03336027410137,174.47680359439627,174.96047973632812,174.96047973632812,99625300
AAPL,2023-06-01,175.40468096744894,177.79342049505456,174.64462268903534,177.76380920410156,177.76380920410156,68901800
AAPL,2023-06-02,178.69168514468382,179.43199760539318,176.94454352013497,178.6127166748047,178.6127166748047,61996900
AAPL,2023-06-05,180.27101332814428,182.56103856696868,175.74028990045602,177.26040649414062,177.26040649414062,121946500
AAPL,2023-06-06,177.64534986625156,177.79340630920336,175.13815031318512,176.89517211914062,176.89517211914062,64848400
AAPL,2023-06-07,176.135134367242,178.86935913776645,175.02960596689772,175.5231475830078,175.5231475830078,61944600
AAPL,2023-06-08,175.60209965770608,178.50412674833163,175.1677956906412,178.2376251220703,178.2376251220703,50214900
AAPL,2023-06-09,179.1556074319137,179.87617397731293,178.2968498358667,178.62258911132812,178.62258911132812,48900000
AAPL,2023-06-12,178.92857679274874,181.51472997018058,178.63244881890137,181.416015625,181.416015625,54274900
AAPL,2023-06-13,180.43882318354116,181.77137654932005,180.08347260699438,180.94223022460938,180.94223022460938,54929100
AAPL,2023-06-14,181.0014644735094,182.0082936822176,179.66891102186548,181.573974609375,181.573974609375,57462900
AAPL,2023-06-15,181.58382192499832,184.11075236554325,181.40613912687283,183.60733032226562,183.60733032226562,65433200
AAPL,2023-06-16,184.31803597311566,184.57468723659963,181.88981981135748,182.5314178466797,182.5314178466797,101256200
AAPL,2023-06-20,182.02801364300083,183.69618663444365,182.02801364300083,182.62025451660156,182.62025451660156,49799100
AAPL,2023-06-21,182.51167734169172,183.015099412311,180.23151756348105,181.58383178710938,181.58383178710938,49515700
AAPL,2023-06-22,181.36667829792557,184.63392138287654,181.29757524213758,184.58456420898438,184.58456420898438,51245300
AAPL,2023-06-23,183.1533133637622,185.13734541827677,182.62027993546528,184.26870727539062,184.26870727539062,53117000
AAPL,2023-06-26,184.4167547195407,185.6209974197008,182.83741558637178,182.8769073486328,182.8769073486328,48088700
AAPL,2023-06-27,183.48890577659213,185.95661391553264,183.27174625542975,185.63087463378906,185.63087463378906,50730800
AAPL,2023-06-28,185.5025240055518,187.4470789620611,185.17679982937508,186.80548095703125,186.80548095703125,51216800
AAPL,2023-06-29,186.63770623646846,187.6149240946042,186.49951518133068,187.14111328125,187.14111328125,46347300
AAPL,2023-06-30,189.15473724224137,191.96791501002735,188.78950625721086,191.46450805664062,191.46450805664062,85213200
AAPL,2023-07-03,191.27700219289193,191.37571654835668,189.28308969373236,189.97406005859375,189.97406005859375,31458200
AAPL,2023-07-05,189.09553270560195,190.48730854754436,188.15779163185775,188.85862731933594,188.85862731933594,46920300
AAPL,2023-07-06,187.38784264698543,189.5396915286371,186.75611009728527,189.3323974609375,189.3323974609375,45094300
AAPL,2023-07-07,188.9375920522482,190.1813114167851,187.7827065576724,188.21701049804688,188.21701049804688,46815000
AAPL,2023-07-10,186.8153498480431,187.53593138541007,184.62402407003376,186.1737518310547,186.1737518310547,59922200
AAPL,2023-07-11,186.71667122446578,186.85486227702734,184.18974051380027,185.65061950683594,185.65061950683594,46638100
AAPL,2023-07-12,187.22992243297554,189.22383458950753,186.0355602702456,187.3187713623047,187.3187713623047,60750200
AAPL,2023-07-13,188.03935020331573,188.72044002337208,187.32864909209994,188.07882690429688,188.07882690429688,41342300
AAPL,2023-07-14,187.77280284934832,188.7105287268448,187.1805620612046,188.22686767578125,188.22686767578125,41616200
AAPL,2023-07-17,189.42126802557274,191.81002272437502,189.33243414864154,191.48428344726562,191.48428344726562,50520200
AAPL,2023-07-18,190.8525644573039,191.81990188608006,189.93456914478574,191.22764587402344,191.22764587402344,48288200
AAPL,2023-07-19,190.6057743707706,195.66950100927124,190.16157487576123,192.57994079589844,192.57994079589844,80507300
AAPL,2023-07-20,192.57006595398724,193.9322456468904,190.01352397351403,190.63539123535156,190.63539123535156,59581200
AAPL,2023-07-21,191.59285775033445,192.45161532627134,188.75991868585442,189.46075439453125,189.46075439453125,71951700
AAPL,2023-07-24,190.91174763146105,192.392372294224,189.76672761078473,190.26026916503906,190.26026916503906,45377800
AAPL,2023-07-25,190.83278632842445,191.92844922240585,190.4280786239598,191.11903381347656,191.11903381347656,37283200
AAPL,2023-07-26,191.16839008411552,193.112945076557,190.82292002182845,191.9876708984375,191.9876708984375,47471900
AAPL,2023-07-27,193.48806403406496,194.6528150463848,190.06288393124004,190.72422790527344,190.72422790527344,47460200
AAPL,2023-07-28,192.15547128634879,194.0901608500724,191.63231843190331,193.3004913330078,193.3004913330078,48291400
AAPL,2023-07-31,193.52751377225187,193.9519673452193,192.7378442652397,193.9124755859375,193.9124755859375,38824100
AAPL,2023-08-01,193.70522604358104,194.1888872056883,192.7576194786216,193.08335876464844,193.08335876464844,35175100
AAPL,2023-08-02,192.52069974591456,192.65889079076135,189.37191700535638,190.0924835205078,190.0924835205078,50389300
AAPL,2023-08-03,189.09554118067888,189.885195713569,188.22690312046603,188.70069885253906,188.70069885253906,61235200
AAPL,2023-08-04,183.12366926443607,184.9596445164711,179.57016391801557,179.63926696777344,179.63926696777344,115956800
AAPL,2023-08-07,179.77748800777417,180.76457131743229,175.0592309925441,176.53985595703125,176.53985595703125,97576100
AAPL,2023-08-08,177.36897457174686,177.94148460917899,175.2862285117603,177.47755432128906,177.47755432128906,67823000
AAPL,2023-08-09,178.53375806746422,178.59298065772126,174.7236157900662,175.8883819580078,175.8883819580078,60378500
AAPL,2023-08-10,177.16169386807627,178.41529378720278,175.30598763799586,175.67120361328125,175.67120361328125,54686900
AAPL,2023-08-11,175.2659575562626,176.5508864753638,174.5048729038775,175.73049926757812,175.73049926757812,52036700
AAPL,2023-08-14,175.90841909398483,177.60849603671858,175.2560608313475,177.38116455078125,177.38116455078125,43675600
AAPL,2023-08-15,176.8078826094104,177.40092323969566,174.99907927707545,175.39443969726562,175.39443969726562,43622600
AAPL,2023-08-16,175.07815356283987,176.47180884084688,174.45544657600635,174.52464294433594,174.52464294433594,46964900
AAPL,2023-08-17,175.08803154260252,175.4537406821077,171.47042491030345,171.98440551757812,171.98440551757812,66062900
AAPL,2023-08-18,170.30411608587545,173.0716844916875,169.96805819399307,172.46875,172.46875,61172200
AAPL,2023-08-21,173.04203097276417,174.08974972921308,171.7274356199635,173.8031005859375,173.8031005859375,46311900
AAPL,2023-08-22,175.00897300604348,175.62178623446252,174.20835828322907,175.177001953125,175.177001953125,42038900
AAPL,2023-08-23,176.45205395893973,179.44695366375947,176.264252478764,179.0219268798828,179.0219268798828,52722800
AAPL,2023-08-24,178.57715186115848,179.00217866700072,173.9711287799832,174.33685302734375,174.33685302734375,54945800
AAPL,2023-08-25,175.3252527852027,177.07473842454561,173.78332608108835,176.54100036621094,176.54100036621094,51449600
AAPL,2023-08-28,178.00387451255935,178.49808262553688,176.48172016068384,178.10272216796875,178.10272216796875,43820700
AAPL,2023-08-29,177.61838490226515,182.7581460326424,177.4207046822572,181.9871826171875,181.9871826171875,53003900
AAPL,2023-08-30,182.7977035116121,185.6739984160231,182.60002327821,185.47630310058594,185.47630310058594,60813900
AAPL,2023-08-31,185.66408956621913,186.92926105598286,185.30825914209595,185.69374084472656,185.69374084472656,60794500
AAPL,2023-09-01,187.29497110047913,187.7199827815663,186.09898099052413,187.26531982421875,187.26531982421875,45766500
AAPL,2023-09-05,186.09898389331408,187.77928826308653,185.4367469097816,187.50253295898438,187.50253295898438,45280000
AAPL,2023-09-06,186.21759365485326,186.66239298088038,179.3678770840619,180.79119873046875,180.79119873046875,81755800
AAPL,2023-09-07,173.1507234483217,176.14563807720947,171.5297216636145,175.50315856933594,175.50315856933594,112488800
AAPL,2023-09-08,176.28399552635892,178.15210111956102,175.73046991034678,176.11595153808594,176.11595153808594,65551300
AAPL,2023-09-11,177.98410020535158,178.21143169284028,175.28571330476424,177.28231811523438,177.28231811523438,58953100
AAPL,2023-09-12,177.4108321261293,178.04341790139725,172.79493020499618,174.25778198242188,174.25778198242188,90370200
AAPL,2023-09-13,174.46534664942806,175.24620393193433,171.96465474647994,172.19200134277344,172.19200134277344,84267900
AAPL,2023-09-14,171.98438956640607,174.06006926639952,171.56925664281374,173.70423889160156,173.70423889160156,60895800
AAPL,2023-09-15,174.43570018321154,174.45547273170345,171.80652435113169,172.98272705078125,172.98272705078125,109259500
AAPL,2023-09-18,174.4356864419302,177.3021024660386,174.12927983360214,175.90843200683594,175.90843200683594,67257600
AAPL,2023-09-19,175.46363376102514,177.54919237650395,175.07815207769175,176.9956817626953,176.9956817626953,51826900
AAPL,2023-09-20,177.18347129792434,177.61837681135137,173.36818440563272,173.4571533203125,173.4571533203125,58436200
AAPL,2023-09-21,172.5280351536478,174.25776334751873,171.846025624082,171.9152069091797,171.9152069091797,63149100
AAPL,2023-09-22,172.6466689211189,175.02875576323612,172.0338556569529,172.76527404785156,172.76527404785156,56725400
AAPL,2023-09-25,172.1820865728236,174.92000347180993,172.13266274999066,174.04031372070312,174.04031372070312,46172700
AAPL,2023-09-26,172.7949188930673,173.1705067749598,169.67152023376326,169.96804809570312,169.96804809570312,64588900
AAPL,2023-09-27,170.6203831944849,171.0355161486817,167.09174554279588,168.45574951171875,168.45574951171875,66921800
AAPL,2023-09-28,167.3783703364052,170.03721192481018,165.678293523344,168.71273803710938,168.71273803710938,56294400
AAPL,2023-09-29,170.02736032081233,171.06520035560507,168.36681324873706,169.22674560546875,169.22674560546875,51861100
AAPL,2023-10-02,169.23661305458424,172.28093658205415,168.9499639274405,171.7373046875,171.7373046875,52164500
AAPL,2023-10-03,170.26456118455488,171.61870157072957,168.84125459232132,170.40293884277344,170.40293884277344,49594600
AAPL,2023-10-04,169.10809426237566,172.19196251916273,168.9894891655102,171.64833068847656,171.64833068847656,53020300
AAPL,2023-10-05,171.77684421895017,173.41761872545223,170.67970163713667,172.88388061523438,172.88388061523438,48527900
AAPL,2023-10-06,171.78674735969838,175.92821386257307,171.17391902858174,175.4340057373047,175.4340057373047,57266700
AAPL,2023-10-09,174.76185568517045,176.9759132731787,173.76356081110382,176.91661071777344,176.91661071777344,42390800
AAPL,2023-10-10,176.03691333055846,177.6381425852869,175.88864186643335,176.32354736328125,176.32354736328125,43698000
AAPL,2023-10-11,176.13573714899445,177.76663268122664,175.5426965680271,177.7172088623047,177.7172088623047,47551100
AAPL,2023-10-12,177.98411345020415,180.2278073787141,176.96603088257305,178.61669921875,178.61669921875,56743100
AAPL,2023-10-13,179.31846581874476,179.82255265296823,176.0764618780152,176.7782440185547,176.7782440185547,51427100
AAPL,2023-10-16,174.7025383958498,177.00554962273654,174.46531311220224,176.64971923828125,176.64971923828125,52517000
AAPL,2023-10-17,174.60373800385415,176.35323912433296,172.77517684946517,175.0979461669922,175.0979461669922,57549400
AAPL,2023-10-18,173.5461178040648,175.5229501994882,173.08156098457755,173.8031005859375,173.8031005859375,54764400
AAPL,2023-10-19,174.0007735918687,175.77992569036093,173.16062890788183,173.42750549316406,173.42750549316406,59302900
AAPL,2023-10-20,173.27923973046956,173.3879661145723,170.64017031492207,170.8773956298828,170.8773956298828,64244000
AAPL,2023-10-23,168.93021596381925,171.99429712738208,167.96155723103598,170.99600219726562,170.99600219726562,55980100
AAPL,2023-10-24,171.045411263789,171.65822442721412,169.4639394511676,171.43089294433594,171.43089294433594,43816600
AAPL,2023-10-25,169.88899020331988,171.05531414118843,168.67322735441405,169.11802673339844,169.11802673339844,57157000
AAPL,2023-10-26,168.3964558542296,169.39476582537458,163.75090293239452,164.95677185058594,164.95677185058594,70625300
AAPL,2023-10-27,164.97653958977486,167.00279566914165,164.89746448966903,166.2713623046875,166.2713623046875,58499100
AAPL,2023-10-30,167.06212028170575,169.18720920526536,166.91384879366788,168.31739807128906,168.31739807128906,51131000
AAPL,2023-10-31,167.38826013413149,168.92029290970513,165.9550448299652,168.79180908203125,168.79180908203125,44846000
AAPL,2023-11-01,169.01916053768616,172.2117404582064,168.14934950515965,171.9547576904297,171.9547576904297,56934900
AAPL,2023-11-02,173.4868054165182,175.7206204672586,173.42750286114074,175.5130615234375,175.5130615234375,77334800
AAPL,2023-11-03,172.22162738228718,174.77174274032964,171.34193765305042,174.60369873046875,174.60369873046875,79829200
AAPL,2023-11-06,174.33686186638658,177.3515193436343,174.1688329148246,177.15383911132812,177.15383911132812,63841300
AAPL,2023-11-07,177.10437340755996,180.32661925220768,176.89681449142668,179.71380615234375,179.71380615234375,70530000
AAPL,2023-11-08,180.23768527185777,181.32493395317235,179.4864793691692,180.77142333984375,180.77142333984375,49340300
AAPL,2023-11-09,180.84059837026544,181.98714947029399,179.7039109186948,180.29696655273438,180.29696655273438,53763500
AAPL,2023-11-10,182.07849676599454,184.6517706680945,181.64301825007877,184.48350524902344,184.48350524902344,66133400
AAPL,2023-11-13,183.9094496896321,184.1172820619318,182.31600272709323,182.89993286132812,182.89993286132812,43627500
AAPL,2023-11-14,185.77012344749633,186.17591157835597,184.38452385663774,185.51280212402344,185.51280212402344,60108400
AAPL,2023-11-15,185.91857611582427,187.55160515956638,185.84928859059917,186.07691955566406,186.07691955566406,53790500
AAPL,2023-11-16,187.6209157424311,188.9966236513369,186.7103615664657,187.7594757080078,187.7594757080078,54412900
AAPL,2023-11-17,188.29390964052354,188.42257785422723,186.63119011836693,187.7396697998047,187.7396697998047,50922700
AAPL,2023-11-20,187.93760923589429,189.93684445013852,187.92771748948175,189.4815673828125,189.4815673828125,46505100
AAPL,2023-11-21,189.44197314241592,189.55084275358138,187.78914548337832,188.6798858642578,188.6798858642578,38134500
AAPL,2023-11-22,189.52115946327928,190.9463411053134,188.8679417719912,189.34300231933594,189.34300231933594,39617700
AAPL,2023-11-24,188.90755574993122,188.93724609528368,187.30421669327737,188.01681518554688,188.01681518554688,24048300
AAPL,2023-11-27,187.96730652329646,188.70959528304604,186.95778958150402,187.83863830566406,187.83863830566406,40552600
AAPL,2023-11-28,187.82873180101734,189.1153685705385,187.45263402635211,188.44235229492188,188.44235229492188,38415400
AAPL,2023-11-29,188.93722623545,190.11499348364924,187.02707707633283,187.42295837402344,187.42295837402344,43014200
AAPL,2023-11-30,187.88812439803064,188.36320007044645,186.2550951920731,187.9969940185547,187.9969940185547,48794400
AAPL,2023-12-01,188.37308016671426,189.59042941044567,187.2843840288066,189.2737274169922,189.2737274169922,45704800
AAPL,2023-12-04,188.0266937107449,188.0959812462982,185.5227074160739,187.4823455810547,187.4823455810547,43389500
AAPL,2023-12-05,188.25436277592215,192.40127061074205,188.22465732712996,191.4313507080078,191.4313507080078,66628400
AAPL,2023-12-06,192.45072587794942,192.75753614335477,190.1347886146608,190.34263610839844,190.34263610839844,41089700
AAPL,2023-12-07,191.63916388460834,192.99507315570867,191.59956669458757,192.2725830078125,192.2725830078125,47477700
AAPL,2023-12-08,192.2032849129047,193.97488907234165,191.67873543823174,193.69776916503906,193.69776916503906,53406400
AAPL,2023-12-11,191.12451418849048,191.50061200003438,189.45188773429211,191.19378662109375,191.19378662109375,60943700
AAPL,2023-12-12,191.09480795445688,192.71794533501543,189.748790485074,192.7080535888672,192.7080535888672,52696900
AAPL,2023-12-13,193.08415015292962,195.96423418895137,192.8466274130704,195.92465209960938,195.92465209960938,70404200
AAPL,2023-12-14,195.98403383047588,197.567574144968,194.14315707722483,196.07310485839844,196.07310485839844,66831600
AAPL,2023-12-15,195.4990685795855,196.36011872958818,194.9745190512041,195.53866577148438,195.53866577148438,128538400
AAPL,2023-12-18,194.0738561652729,194.60831249977454,192.39133809002112,193.87591552734375,193.87591552734375,55751900
AAPL,2023-12-19,194.14313632648785,194.92500710230044,193.87590816937887,194.9151153564453,194.9151153564453,40714100
AAPL,2023-12-20,194.87552171417178,195.64750075817219,192.82681274414062,192.82681274414062,192.82681274414062,52242800
AAPL,2023-12-21,194.08375795359612,195.0536776254948,191.51048442189503,192.6783447265625,192.6783447265625,46482500
AAPL,2023-12-22,193.173238924369,193.40088504018271,190.98596961710052,191.6094970703125,191.6094970703125,37149600
AAPL,2023-12-26,191.6193643540786,191.89648427525853,190.84738527337694,191.06512451171875,191.06512451171875,28919300
AAPL,2023-12-27,190.5108903848591,191.5105004803971,189.12527563548673,191.16409301757812,191.16409301757812,48087700
AAPL,2023-12-28,192.14393105407996,192.65858885458314,191.18390299052217,191.58969116210938,191.58969116210938,34049900
AAPL,2023-12-29,191.9063700376295,192.40122918172025,189.758683164504,190.5504608154297,190.5504608154297,42672100
AAPL,2024-01-02,185.22577720716953,186.5025222946912,181.99930092657837,183.73130798339844,183.73130798339844,82488700
AAPL,2024-01-03,182.32593099304364,183.9688672168001,181.5440449736598,182.35562133789062,182.35562133789062,58414500
AAPL,2024-01-04,180.277195595857,181.2075332827541,179.02026413555495,180.0396728515625,180.0396728515625,71983600
AAPL,2024-01-05,180.1188384374096,180.88091065327836,178.31754388665928,179.31715393066406,179.31715393066406,62379700
AAPL,2024-01-08,180.21782130157615,183.69174257913158,179.63389106527006,183.6521453857422,183.6521453857422,59144500
AAPL,2024-01-09,182.0289774717032,183.24632668227045,180.8512103460259,183.23643493652344,183.23643493652344,42841800
AAPL,2024-01-10,182.45455689524942,184.48346713133998,182.02897021466416,184.275634765625,184.275634765625,46792900
AAPL,2024-01-11,184.62205313633504,185.12681915669637,181.73207738578324,183.68182373046875,183.68182373046875,49128400
AAPL,2024-01-12,184.14698280822722,184.8199990991005,183.28593272766105,184.0084228515625,184.0084228515625,40477800
AAPL,2024-01-16,180.28710192352952,182.3655014396163,179.06973745492456,181.7419891357422,181.7419891357422,65603000
AAPL,2024-01-17,179.40625114511818,181.04917214343425,178.44622312883942,180.80174255371094,180.80174255371094,47317400
AAPL,2024-01-18,184.17667408756796,187.1953179109023,183.91935276727983,186.69056701660156,186.69056701660156,78005800
AAPL,2024-01-19,187.38337121910467,189.97642838325277,186.8786203129096,189.59043884277344,189.59043884277344,68903000
AAPL,2024-01-22,190.32283587135973,193.32168117146784,190.2832386815117,191.896484375,191.896484375,60133900
AAPL,2024-01-23,193.01485907067706,193.7373491711095,191.83709192633378,193.17320251464844,193.17320251464844,42355600
AAPL,2024-01-24,193.41073733606618,194.36087349468033,192.3418398208385,192.5001983642578,192.5001983642578,53631300
AAPL,2024-01-25,193.21282181305796,194.2520291241628,191.1245154438125,192.17361450195312,192.17361450195312,54822100
AAPL,2024-01-26,192.2725896171282,192.75754194727924,189.9665440310004,190.4416046142578,190.4416046142578,44594000
AAPL,2024-01-29,190.03581744325376,190.22386634852867,187.63080907007364,189.75869750976562,189.75869750976562,47145600
AAPL,2024-01-30,188.9768051464624,189.82796344587697,185.54248160944437,186.1066131591797,186.1066131591797,55859400
AAPL,2024-01-31,185.11691469411622,185.17631048108575,182.45458500160478,182.50405883789062,182.50405883789062,55467800
AAPL,2024-02-01,182.0982797244824,185.02783750412453,181.93002942176474,184.9387664794922,184.9387664794922,64885400
AAPL,2024-02-02,178.01073002917815,185.40392677166545,177.4070012757119,183.93914794921875,183.93914794921875,102551700
AAPL,2024-02-05,186.21547393955785,187.30417000412038,183.92922730587782,185.75030517578125,185.75030517578125,69668800
AAPL,2024-02-06,184.93876832266957,187.36357521832525,184.8496972971495,187.3536834716797,187.3536834716797,43490800
AAPL,2024-02-07,188.679919622612,189.085707800641,186.67079243137192,187.4625701904297,187.4625701904297,53439000
AAPL,2024-02-08,187.44276462432762,187.59121634154823,185.42374576060666,186.38377380371094,186.38377380371094,40962000
AAPL,2024-02-09,186.9486269587983,188.27655346933713,186.30449512518672,187.14683532714844,187.14683532714844,45155200
AAPL,2024-02-12,186.72066269575697,186.96840797825126,185.10535861511914,185.4621124267578,185.4621124267578,41781900
AAPL,2024-02-13,184.0945819491523,184.53061609699293,181.85495475727518,183.37115478515625,183.37115478515625,56529500
AAPL,2024-02-14,183.64865818230027,183.85675578337245,180.79462725534452,182.48919677734375,182.48919677734375,54630500
AAPL,2024-02-15,181.89459574378543,182.82612045767794,179.71444020641266,182.20179748535156,182.20179748535156,65434500
AAPL,2024-02-16,181.76576116844507,183.18287207946292,180.0315441516518,180.665771484375,180.665771484375,49752500
AAPL,2024-02-20,180.15046783149373,180.78469520216953,178.3766181157698,179.92254638671875,179.92254638671875,53665600
AAPL,2024-02-21,180.29914247718926,181.24057170015067,179.03068760645021,180.67572021484375,180.67572021484375,41371400
AAPL,2024-02-22,181.825211247954,183.29187418944446,180.81442139510878,182.70718383789062,182.70718383789062,52292200
AAPL,2024-02-23,183.34141952676862,183.37114775196545,180.58649310326592,180.87388610839844,180.87388610839844,45119700
AAPL,2024-02-26,180.59644574912906,181.11174516126204,179.02077391854948,179.52618408203125,179.52618408203125,40867400
AAPL,2024-02-27,179.46671005654383,182.26126931281985,177.94059046680667,180.98291015625,180.98291015625,54318900
AAPL,2024-02-28,180.8639793914523,181.46847854843006,178.50545433930714,179.7838134765625,179.7838134765625,48953900
AAPL,2024-02-29,179.63517226295397,180.92345088953732,177.9108594746495,179.11985778808594,179.11985778808594,136682600
AAPL,2024-03-01,177.93069482167198,178.90185225837237,175.78026722267666,178.03970336914062,178.03970336914062,73563100
AAPL,2024-03-04,174.56134649455421,175.30458245485661,172.2226300679557,173.5208282470703,173.5208282470703,81510100
AAPL,2024-03-05,169.21993595014084,170.48839061409436,168.09021804252058,168.58570861816406,168.58570861816406,95132400
AAPL,2024-03-06,169.5172632726602,169.69564777442116,167.1587228770791,167.59475708007812,167.59475708007812,68587700
AAPL,2024-03-07,167.62447121611535,169.1902233947002,166.97043508778398,167.475830078125,167.475830078125,71765100
AAPL,2024-03-08,167.47583792632756,172.13344696276567,167.41638146834518,169.1902313232422,169.1902313232422,76267000
AAPL,2024-03-11,171.3802901891083,172.8073055285168,170.49831753088682,171.19200134277344,171.19200134277344,60139500
AAPL,2024-03-12,171.58839851794536,172.4604668624585,169.4676992338398,171.6676788330078,171.6676788330078,59825400
AAPL,2024-03-13,171.21183277143888,171.62804307697533,169.21995080494636,169.5866241455078,169.5866241455078,52488700
AAPL,2024-03-14,171.35055836544484,172.73792596009017,170.49831395125625,171.4397430419922,171.4397430419922,72913500
AAPL,2024-03-15,169.62625165850892,171.06317138671875,168.75418335618096,171.06317138671875,171.06317138671875,121752700
AAPL,2024-03-18,173.98659600973463,176.1072954101753,171.95508129819135,172.1532745361328,172.1532745361328,75604200
AAPL,2024-03-19,172.76767622994936,175.0172080151,171.46949314620932,174.4919891357422,174.4919891357422,55215200
AAPL,2024-03-20,174.1352174960067,177.05860900878906,173.51089450186836,177.05860900878906,177.05860900878906,53423100
AAPL,2024-03-21,175.45322885093574,175.8892630091755,169.29922879245808,169.82444763183594,169.82444763183594,106181300
AAPL,2024-03-22,170.21092760104455,171.48930183291895,168.52626256417108,170.7262420654297,170.7262420654297,71160100
AAPL,2024-03-25,169.0316847755244,170.38932429506946,167.92177545566648,169.3091583251953,169.3091583251953,54288300
AAPL,2024-03-26,168.4668059986792,169.87399750483326,168.0505957042821,168.17942810058594,168.17942810058594,57388400
AAPL,2024-03-27,168.87310882923745,172.0343412561863,168.575811446925,171.7469482421875,171.7469482421875,60273300
AAPL,2024-03-28,170.20102558587905,170.67669234048742,168.97220342186947,169.93345642089844,169.93345642089844,65672700
AAPL,2024-04-01,169.64609346633853,169.70554992575666,167.9515087670476,168.49655151367188,168.49655151367188,46240500
AAPL,2024-04-02,167.55510167176752,167.81275133793278,166.71276161053132,167.3172607421875,167.3172607421875,49329500
AAPL,2024-04-03,167.26770493028647,169.14065873561202,167.05960735256843,168.1199493408203,168.1199493408203,47691700
AAPL,2024-04-04,168.75419869027797,170.3695030458197,167.29747009277344,167.29747009277344,167.29747009277344,53704400
AAPL,2024-04-05,168.06050251317026,168.85329051832247,167.42627513328318,168.05059814453125,168.05059814453125,42104800
AAPL,2024-04-08,167.50555706407098,167.67402205960258,166.72268854116854,166.9307861328125,166.9307861328125,37425500
AAPL,2024-04-09,167.17854792228746,168.54610700117138,166.8317135282985,168.13980102539062,168.13980102539062,42373800
AAPL,2024-04-10,167.27762018668898,167.56499806522814,165.60285963338822,166.26681518554688,166.26681518554688,49709300
AAPL,2024-04-11,166.8217782077108,173.87757491447604,166.64340884278624,173.4613494873047,173.4613494873047,91070300
AAPL,2024-04-12,172.68839280877705,176.7514221146486,172.63885584160187,174.95774841308594,174.95774841308594,101670900
AAPL,2024-04-15,173.7784557074799,175.03700600653332,170.94424900321735,171.13253784179688,171.13253784179688,73531800
AAPL,2024-04-16,170.20100688366134,172.19287348566485,166.75239682964104,167.85238647460938,167.85238647460938,73711200
AAPL,2024-04-17,168.08032842085646,169.11094225529814,166.48484802246094,166.48484802246094,166.48484802246094,50901200
AAPL,2024-04-18,166.51456987389489,167.11906901091456,165.0479219314042,165.5334930419922,165.5334930419922,43122900
AAPL,2024-04-19,164.7109957890585,164.89926951971245,162.6002009445124,163.51190185546875,163.51190185546875,68149400
AAPL,2024-04-22,164.0272084619306,165.75150603037284,163.28397258003716,164.3443145751953,164.3443145751953,48116400
AAPL,2024-04-23,163.85875133255257,165.54341638804536,163.43262154349364,165.39476013183594,165.39476013183594,49537800
AAPL,2024-04-24,165.03800691456527,167.77312477902248,164.71099641624178,167.4956512451172,167.4956512451172,48251800
AAPL,2024-04-25,168.00103426472305,169.07129572836638,166.63347542987228,168.3577880859375,168.3577880859375,50558300
AAPL,2024-04-26,168.34787265422193,169.79469657988224,167.6541737932701,167.77310180664062,167.77310180664062,44838400
AAPL,2024-04-29,171.80639405446584,174.4424074952563,171.5388400360099,171.9352264404297,171.9352264404297,68169400
AAPL,2024-04-30,171.76676673002254,173.4117990890393,168.46679764398493,168.7938232421875,168.7938232421875,65934800
AAPL,2024-05-01,168.05057530255277,171.1523509575647,167.5848129798778,167.77310180664062,167.77310180664062,50383100
AAPL,2024-05-02,170.95416794412498,171.8559644998941,169.34878317714927,171.469482421875,171.469482421875,94214900
AAPL,2024-05-03,184.9666483851495,185.313497878847,181.01264278710423,181.7261505126953,181.7261505126953,163224100
AAPL,2024-05-06,180.7054248623681,182.53873097916653,178.79282331517493,180.07119750976562,180.07119750976562,78569700
AAPL,2024-05-07,181.79550770435065,183.23242749590466,179.68472791941784,180.75497436523438,180.75497436523438,77305800
AAPL,2024-05-08,181.20092748758523,181.4189445721307,179.81354466582562,181.0919189453125,181.0919189453125,45057100
AAPL,2024-05-09,180.91352883975787,182.99459544718977,180.4675903156434,182.90541076660156,182.90541076660156,48983000
AAPL,2024-05-10,183.48094965782863,183.66949389545601,180.7322193628195,181.64515686035156,181.64515686035156,50759500
AAPL,2024-05-13,184.01680743143146,185.6640710757596,183.2030934113359,184.85035705566406,184.85035705566406,72044800
AAPL,2024-05-14,186.07091921634225,186.8548647149755,184.8602810891409,185.9915313720703,185.9915313720703,52393600
AAPL,2024-05-15,186.46787049037354,189.18683240943687,185.9320062923224,188.26397705078125,188.26397705078125,70400000
AAPL,2024-05-16,189.00819589014523,189.63336565724362,188.2044148419799,188.38302612304688,188.38302612304688,52845200
AAPL,2024-05-17,188.0555735439889,189.34559954047234,187.72810435814964,188.41281127929688,188.41281127929688,41282900
AAPL,2024-05-20,187.87693908543721,190.44705781727768,187.55938774134125,189.5738067626953,189.5738067626953,44361300
AAPL,2024-05-21,189.62343971650407,191.25085261805762,189.4547462309282,190.873779296875,190.873779296875,42309400
AAPL,2024-05-22,190.79438668312676,191.34016861791716,188.80973611420333,189.4348907470703,189.4348907470703,34648500
AAPL,2024-05-23,189.51429520164533,189.5341459487459,185.19768892080702,185.44577026367188,185.44577026367188,51005900
AAPL,2024-05-24,187.37087155015982,189.11735863774422,186.59684388111853,188.52195739746094,188.52195739746094,36327000
AAPL,2024-05-28,190.04022981736387,191.51880009814326,187.64873713728954,188.5319061279297,188.5319061279297,52280100
AAPL,2024-05-29,188.15481585355153,190.7745542503335,188.05557725890648,188.82958984375,188.82958984375,53068000
AAPL,2024-05-30,189.29596821795033,190.70506832278696,189.16697622567534,189.8218994140625,189.8218994140625,49889100
AAPL,2024-05-31,189.9707702687458,191.09210277636024,188.45251367186646,190.77455139160156,190.77455139160156,75158300
AAPL,2024-06-03,191.41954585254337,193.49351725389894,191.04247253185534,192.54087829589844,192.54087829589844,50080500
AAPL,2024-06-04,193.14619663099631,193.82098571162214,191.54855228534223,192.85842895507812,192.85842895507812,47471400
AAPL,2024-06-05,193.9003813531384,195.38886948576234,193.37445009094603,194.3667755126953,194.3667755126953,54156800
AAPL,2024-06-06,194.1881777820001,194.99195900714616,192.67983879580981,192.98745727539062,192.98745727539062,41181800
AAPL,2024-06-07,193.1561225415401,195.42855606321456,192.65004206608782,195.37893676757812,195.37893676757812,53103900
AAPL,2024-06-10,195.3888672580803,195.78580650726497,190.67532155851157,191.63787841796875,191.63787841796875,97010200
AAPL,2024-06-11,192.1638033246204,205.57012886730556,192.14396771907968,205.56019592285156,205.56019592285156,172373300
AAPL,2024-06-12,205.77850209290926,218.51003809526938,205.3121079690946,211.4347686767578,211.4347686767578,198134300
AAPL,2024-06-13,213.09192677850285,215.08649505325084,209.97602614095345,212.59576416015625,212.59576416015625,97862700
AAPL,2024-06-14,212.20877015870124,213.51863167298376,209.67833763090172,210.8592071533203,210.8592071533203,70122700
AAPL,2024-06-17,211.7324642876032,217.26964179829142,211.08745883873982,215.00714111328125,215.00714111328125,93728300
AAPL,2024-06-18,215.9200623200828,216.95208913019513,211.36529274424583,212.6453857421875,212.6453857421875,79943300
AAPL,2024-06-20,212.28813739547695,212.59577094768608,207.2471383568116,208.0707550048828,208.0707550048828,86172500
AAPL,2024-06-21,208.77533580800622,210.26382387597764,205.5205097773767,205.89759826660156,205.89759826660156,241805100
AAPL,2024-06-24,206.12582769938734,211.06760381745957,205.00449518251241,206.5426025390625,206.5426025390625,80727000
AAPL,2024-06-25,207.54485732874397,209.75775393646785,207.0090082596573,207.46548461914062,207.46548461914062,55549700
AAPL,2024-06-26,209.87681864015101,213.2110325348534,209.0234182045521,211.61338806152344,211.61338806152344,66213200
AAPL,2024-06-27,213.04233172557286,214.0842763709762,210.7202940415425,212.4568634033203,212.4568634033203,49772700
AAPL,2024-06-28,214.1140554431902,214.41175609103416,208.686034302842,209.00357055664062,209.00357055664062,82542700
AAPL,2024-07-01,210.46229254870087,215.84069445328046,210.29359904602236,215.08653259277344,215.08653259277344,60402900
AAPL,2024-07-02,214.49109278116705,218.6886394133838,213.44916340119858,218.57948303222656,218.57948303222656,58046200
AAPL,2024-07-03,218.3115631866412,219.84967041015625,217.34900644671097,219.84967041015625,219.84967041015625,37369800
AAPL,2024-07-05,219.94891212590596,224.71207692855523,219.94891212590596,224.60292053222656,224.60292053222656,60412400
AAPL,2024-07-08,225.34717053841655,226.10134753003678,221.53664465186893,226.0715789794922,226.0715789794922,59085900
AAPL,2024-07-09,226.180713251394,227.63943274976205,224.63268810415036,226.92495727539062,226.92495727539062,48076100
AAPL,2024-07-10,227.54020555015646,231.29119415797783,227.49058625437067,231.19195556640625,231.19195556640625,62627700
AAPL,2024-07-11,229.61417679228308,230.6065022056456,224.0373128145247,225.82350158691406,225.82350158691406,64710600
AAPL,2024-07-12,227.16311346469493,230.8545649156238,226.92494993371525,228.7706756591797,228.7706756591797,53046500
AAPL,2024-07-15,234.66511292556817,235.40935699641528,231.3011303310065,232.60107421875,232.60107421875,62631300
AAPL,2024-07-16,233.19644881294397,234.4567062015191,230.54694204130521,233.01783752441406,233.01783752441406,43234300
AAPL,2024-07-17,227.6890306172661,229.68361410453295,224.90059902579642,227.1234130859375,227.1234130859375,57345900
AAPL,2024-07-18,228.51269423226466,228.67146993188885,220.5641731481692,222.45950317382812,222.45950317382812,66034600
AAPL,2024-07-19,223.09458131167176,225.05938116686082,221.5663918696606,222.58848571777344,222.58848571777344,49151500
AAPL,2024-07-22,225.26777593230437,226.03187070395737,221.3778623137636,222.24119567871094,222.24119567871094,48201800
AAPL,2024-07-23,222.64802398231987,225.19830728583617,220.97099179310993,223.28311157226562,223.28311157226562,39960300
AAPL,2024-07-24,222.2808652028311,223.07472846403482,215.4635952984219,216.86276245117188,216.86276245117188,61777600
AAPL,2024-07-25,217.2497669876539,219.1550448561193,212.9728474396388,215.82083129882812,215.82083129882812,51391200
AAPL,2024-07-26,217.02155779536062,217.80550332568987,214.35220009781358,216.28724670410156,216.28724670410156,41601300
AAPL,2024-07-29,215.29491873308154,217.61695646267233,214.0941983741811,216.56509399414062,216.56509399414062,36311800
AAPL,2024-07-30,217.50781013919521,218.63906050664175,214.4613638470993,217.1208038330078,217.1208038330078,41643800
AAPL,2024-07-31,219.7405227481965,222.10226187087767,218.93674165630796,220.3756103515625,220.3756103515625,50036300
AAPL,2024-08-01,222.64801239186647,222.7571687754724,215.35443086006643,216.68414306640625,216.68414306640625,62501000
AAPL,2024-08-02,217.46809553371503,223.86860618805187,216.0391597412521,218.1726531982422,218.1726531982422,105568600
AAPL,2024-08-05,197.562059997048,211.8614726265992,194.4957781490091,207.6639404296875,207.6639404296875,119548600
AAPL,2024-08-06,203.72439154098564,208.3783997216886,199.52685967053256,205.6395721435547,205.6395721435547,69660500
AAPL,2024-08-07,205.31211338628992,212.00039184379946,204.80603289763474,208.209716796875,208.209716796875,63516400
AAPL,2024-08-08,211.47445056104476,212.5560815310077,207.22729938249148,211.67291259765625,211.67291259765625,47161100
AAPL,2024-08-09,210.47221789303094,215.11629337558463,210.3432107490655,214.5804443359375,214.5804443359375,42201600
AAPL,2024-08-12,214.65991863613397,218.07745621052726,214.19298467780987,216.11038208007812,216.11038208007812,38028100
AAPL,2024-08-13,217.58072790378117,220.44193777769505,217.58072790378117,219.82598876953125,219.82598876953125,44155300
AAPL,2024-08-14,219.13056699635618,221.57450454206742,218.2662343099079,220.27305603027344,220.27305603027344,41960600
AAPL,2024-08-15,223.1342364732981,223.87934187315213,221.30623303799138,223.25344848632812,223.25344848632812,46414000
AAPL,2024-08-16,222.45869413327577,225.34970708383625,222.19045191126241,224.57479858398438,224.57479858398438,44340200
AAPL,2024-08-19,224.24692851790377,224.51517071380414,221.5844105997713,224.4158172607422,224.4158172607422,40687800
AAPL,2024-08-20,224.29662301984854,225.68748051768907,223.97870407222223,225.0317840576172,225.0317840576172,30299000
AAPL,2024-08-21,225.04172779494317,226.4921913011218,223.58131984717622,224.92250061035156,224.92250061035156,34765500
AAPL,2024-08-22,226.30343225653021,226.84984597984075,222.43881906323927,223.06471252441406,223.06471252441406,43695300
AAPL,2024-08-23,224.18731201844943,226.73060264204742,222.8659899824442,225.35960388183594,225.35960388183594,38677300
AAPL,2024-08-26,225.28014571740593,225.79675641202357,222.4288803537143,225.69740295410156,225.69740295410156,30602200
AAPL,2024-08-27,224.52510403050715,227.356510742363,223.42234738221904,226.54185485839844,226.54185485839844,35934600
AAPL,2024-08-28,226.43256221050876,228.35990394020044,224.2071752885293,225.01190185546875,225.01190185546875,38052200
AAPL,2024-08-29,228.59837969678284,231.3999685703833,227.38634017099784,228.29039001464844,228.29039001464844,51906300
AAPL,2024-08-30,228.68777538921813,228.89639643358683,225.99545426270925,227.5055389404297,227.5055389404297,52990800
AAPL,2024-09-03,227.05848641015993,227.50554667965343,219.72664341730942,221.3162078857422,221.3162078857422,50190600
AAPL,2024-09-04,220.21344869061124,220.33266071869627,216.06071952153204,219.4087371826172,219.4087371826172,43840200
AAPL,2024-09-05,220.1836359939166,224.00850159902006,220.07435325324454,220.92874145507812,220.92874145507812,36615400
AAPL,2024-09-06,222.48850009081283,223.77009004470926,218.33578603187902,219.37893676757812,219.37893676757812,48423000
AAPL,2024-09-09,219.37891374117063,219.82597396405737,215.29573540828238,219.46832275390625,219.46832275390625,67180000
AAPL,2024-09-10,217.49131703149231,220.03460793809228,215.31560663834654,218.67355346679688,218.67355346679688,51591000
AAPL,2024-09-11,220.01474349397893,221.63409569372266,216.46803428284608,221.2069091796875,221.2069091796875,44587100
AAPL,2024-09-12,221.04796566036197,222.09111639532034,218.38546260882887,221.3162078857422,221.3162078857422,37455600
AAPL,2024-09-13,222.12091208096655,222.57790161811045,220.46181236980377,221.04795837402344,221.04795837402344,36766600
AAPL,2024-09-16,215.126845002842,215.80241517960704,212.52394807405793,214.90829467773438,214.90829467773438,59357400
AAPL,2024-09-17,214.34200737227792,215.48449636527135,213.10016491936787,215.37521362304688,215.37521362304688,45519300
AAPL,2024-09-18,216.13026348358338,221.25659276615585,216.12031904206836,219.24977111816406,219.24977111816406,59894900
AAPL,2024-09-19,223.52171975466862,228.32020097310811,223.16406850984052,227.3763885498047,227.3763885498047,66781300
AAPL,2024-09-20,228.46919216926284,231.56882586153637,226.13452245924367,226.7107391357422,226.7107391357422,318679900
AAPL,2024-09-23,225.85638298730962,227.95261380296742,224.33636892980346,224.9920654296875,224.9920654296875,54146000
AAPL,2024-09-24,227.15781488965328,227.85325878901892,224.25687274556688,225.88616943359375,225.88616943359375,43556100
AAPL,2024-09-25,223.462095237407,225.80669443859438,222.55804543582803,224.8927001953125,224.8927001953125,42308700
AAPL,2024-09-26,225.81663654010723,227.00880227293717,223.9389713421174,226.0352020263672,226.0352020263672,36636700
AAPL,2024-09-27,226.9690618971705,228.02214184296878,225.8166284941723,226.3034210205078,226.3034210205078,34026000
AAPL,2024-09-30,228.53875664504176,231.4794464111328,228.15130238402674,231.4794464111328,231.4794464111328,54541900
AAPL,2024-10-01,228.0221302637843,228.15127156053518,222.2798524228829,224.73373413085938,224.73373413085938,63285000
AAPL,2024-10-02,224.41584231153624,225.8861795938886,221.56457676904253,225.30003356933594,225.30003356933594,32880600
AAPL,2024-10-03,223.6707104185886,225.3298099915582,221.86259582618194,224.19725036621094,224.19725036621094,34044200
AAPL,2024-10-04,226.41271278943105,226.5120662505933,222.66732681912907,225.3199005126953,225.3199005126953,37245100
AAPL,2024-10-07,223.0348842523572,224.2171205854488,219.8855738973866,220.24322509765625,220.24322509765625,39505400
AAPL,2024-10-08,222.83622285599392,224.50525191173782,221.79307211654884,224.296630859375,224.296630859375,31855700
AAPL,2024-10-09,223.7601370790405,228.25064364916537,223.36275355639287,228.04200744628906,228.04200744628906,33591100
AAPL,2024-10-10,226.2935162493635,228.0022928156644,225.6874964769055,227.5452880859375,227.5452880859375,28183500
AAPL,2024-10-11,227.80358186995707,227.91286461183438,225.85636623992795,226.06500244140625,226.06500244140625,31759200
AAPL,2024-10-14,227.20748901369805,230.21771386522883,227.1081507143634,229.79052734375,229.79052734375,39882100
AAPL,2024-10-15,232.08545910083197,235.9401430278398,230.85354589755886,232.3238983154297,232.3238983154297,64751400
AAPL,2024-10-16,230.0885769817669,230.60517253033711,228.34005309673006,230.26739501953125,230.26739501953125,34082200
AAPL,2024-10-17,231.90660939150177,232.3238817771462,229.01561181125544,230.6349639892578,230.6349639892578,32993800
AAPL,2024-10-18,234.6386615701971,234.6386615701971,232.4828249974097,233.46636962890625,233.46636962890625,46431500
AAPL,2024-10-21,232.91994058587363,235.30428691612863,232.91994058587363,234.9366912841797,234.9366912841797,36254500
AAPL,2024-10-22,232.36362533760988,234.67842149785605,231.0820505913223,234.32077026367188,234.32077026367188,38846600
AAPL,2024-10-23,232.552368896012,233.6054487889833,226.2736066643371,229.2540283203125,229.2540283203125,52287000
AAPL,2024-10-24,228.4791312160334,229.31366084202813,226.91938502162782,229.06529235839844,229.06529235839844,31109500
AAPL,2024-10-25,228.24072625952675,231.69801159617745,228.07183749564092,229.8998260498047,229.8998260498047,38802300
AAPL,2024-10-28,231.79733596578163,233.19812263375962,231.03235682367705,231.87680053710938,231.87680053710938,36087100
AAPL,2024-10-29,231.57877779482254,232.80074647701065,230.80386934668286,232.14505004882812,232.14505004882812,35417200
AAPL,2024-10-30,231.0919876952183,231.9463759413976,228.05195968136482,228.59837341308594,228.59837341308594,47070900
AAPL,2024-10-31,227.84330777090054,228.330115454563,223.89921505082026,224.43569946289062,224.43569946289062,64370100
AAPL,2024-11-01,219.5279346472888,223.87935529424118,218.83250593091054,221.4552764892578,221.4552764892578,65276700
AAPL,2024-11-04,219.54780947276666,221.33605042122997,218.2761640538016,220.56114196777344,220.56114196777344,44944500
AAPL,2024-11-05,220.3525342324639,222.48849724939907,219.69683776020295,221.99176025390625,221.99176025390625,28111300
AAPL,2024-11-06,221.15722727351368,224.59465366535846,219.7464961432124,221.26651000976562,221.26651000976562,54561100
AAPL,2024-11-07,223.16406118155706,226.39285156162418,223.10445516924474,225.99545288085938,225.99545288085938,42137700
AAPL,2024-11-08,225.9357792784742,227.4176895436531,225.17991383614745,225.7269287109375,225.7269287109375,38328800
AAPL,2024-11-11,223.77757009002366,224.47376393957063,220.29658566640109,223.01174926757812,223.01174926757812,42005600
AAPL,2024-11-12,223.33001798502116,224.36436096493557,222.14648085284745,223.01174926757812,223.01174926757812,40398300
AAPL,2024-11-13,222.79294167641658,225.4185978724207,221.54973296285615,223.89691162109375,223.89691162109375,48566200
AAPL,2024-11-14,223.7974607959322,227.62653447284012,223.77756520755418,226.98007202148438,226.98007202148438,44923900
AAPL,2024-11-15,225.1699449930133,225.6871240415238,223.05152776948486,223.77755737304688,223.77755737304688,47923700
AAPL,2024-11-18,224.0262188410909,228.49183017609323,223.94665165924164,226.7811737060547,226.7811737060547,44633700
AAPL,2024-11-19,225.7467938634959,228.90952454109907,225.42854034251505,227.03973388671875,227.03973388671875,36211800
AAPL,2024-11-20,226.82094870348703,228.68078414631773,224.6627401240164,227.75584411621094,227.75584411621094,35169600
AAPL,2024-11-21,227.63650237265796,228.90954693288327,224.48372676835862,227.27845764160156,227.27845764160156,42108300
AAPL,2024-11-22,226.82094518602503,229.46649702017746,226.82094518602503,228.62110900878906,228.62110900878906,38168300
AAPL,2024-11-25,230.20248468460477,231.98275293866183,228.49182822914253,231.6048126220703,231.6048126220703,90152800
AAPL,2024-11-26,232.0623317186483,234.2901673751303,232.0623317186483,233.78292846679688,233.78292846679688,45986200
AAPL,2024-11-27,233.19611792325418,234.40949083683986,232.53970008294309,233.6536102294922,233.6536102294922,33498400
AAPL,2024-11-29,233.5342752849028,236.51797629056327,232.698842645531,236.04058837890625,236.04058837890625,28481400
AAPL,2024-12-02,235.98089694287458,239.4817615684827,235.8714939748314,238.2882843017578,238.2882843017578,48137100
AAPL,2024-12-03,238.50711361537608,241.441083276618,237.60205398884364,241.33168029785156,241.33168029785156,38861000
AAPL,2024-12-04,241.55047375645148,242.78374225546824,239.9392801306149,241.68971252441406,241.68971252441406,44383900
AAPL,2024-12-05,242.66439419479377,243.21139387343032,240.81449907142343,241.71954345703125,241.71954345703125,40033900
AAPL,2024-12-06,241.5902721155965,243.3009285590703,240.76477968960373,241.52064514160156,241.52064514160156,36870600
AAPL,2024-12-09,240.51612576959502,245.89673657618508,240.43655859300793,245.40939331054688,245.40939331054688,44649200
AAPL,2024-12-10,245.54861966146674,246.8614552449502,244.00703794178958,246.42384338378906,246.42384338378906,36914800
AAPL,2024-12-11,246.61284788068906,249.43741460876686,244.92207178593077,245.1508331298828,245.1508331298828,45205800
AAPL,2024-12-12,245.54864477609476,247.3885997871069,244.34521203481492,246.6128387451172,246.6128387451172,32777500
AAPL,2024-12-13,246.47359279661413,247.9355922748061,244.90217516923994,246.7819061279297,246.7819061279297,33155300
AAPL,2024-12-16,246.6426692963963,250.01425073054844,246.3045049916291,249.67608642578125,249.67608642578125,51694800
AAPL,2024-12-17,248.72130738305802,252.45093348613432,248.42293425963442,252.1028289794922,252.1028289794922,51356400
AAPL,2024-12-18,250.79000225751088,252.89847930582897,246.39401822090946,246.70233154296875,246.70233154296875,56774100
AAPL,2024-12-19,246.15534002348284,250.63089166027345,245.74756389880645,248.43289184570312,248.43289184570312,60882300
AAPL,2024-12-20,246.6923766885693,253.61456925624782,244.35515348919105,253.1073455810547,253.1073455810547,147495300
AAPL,2024-12-23,253.38581895601413,254.26102752773247,252.07298333460633,253.8831024169922,253.8831024169922,40858800
AAPL,2024-12-24,254.10192745486222,256.80713572411884,253.90300191480816,256.7972106933594,256.7972106933594,23234700
AAPL,2024-12-26,256.7872242633273,258.6868506395932,256.2302692406472,257.6127014160156,257.6127014160156,27237100
AAPL,2024-12-27,256.42919055718573,257.29448932345014,251.68511699924173,254.2013702392578,254.2013702392578,42355300
AAPL,2024-12-30,250.85962400320443,252.1227283114492,249.38766912858338,250.8297882080078,250.8297882080078,35557500
AAPL,2024-12-31,251.0684930674946,251.90392569582917,248.07483671879714,249.05946350097656,249.05946350097656,39480700
